,inci,title,peh_class
0,"['Water (Aqua/Eau)', 'Polyquaternium-37', 'Cyclopentasiloxane', 'Cetearyl Alcohol', 'VP/Dimethylaminoethylmethacrylate Copolymer', 'Polyquaternium-11', 'Propylene Glycol Dicaprylate/Dicaprate', 'Fragrance (Parfum)', 'Phenoxyethanol', 'Citronellol', 'Amyl Cinnamal', 'Helianthus Annuus (Sunflower) Seed Extract', 'Tocopherol', 'Linalool', 'C12-15 Alkyl Benzoate', 'Sorbitan Oleate', 'Panthenol', 'Citral', 'Helianthus Annuus (Sunflower) Seed Oil', 'Bacopa Monniera Extract', 'Butylphenyl\xa0Methylpropional', 'Simmondsia Chinensis (Jojoba) Seed Oil', 'PPG-1 Trideceth-6', 'PEG-4', 'Limonene', 'Hydroxycitronellal', 'Disodium Edta', 'VP/DMAPA Acrylates Copolymer', 'PEG-4 Laurate', 'Glycerin', 'Geraniol', 'Benzyl salicylate', 'iodopropynyl butylcarbamate', 'Chitosan', 'Hexyl Cinnamal', 'Polysorbate-60', 'Alcohol Denat.', 'Benzalkonium Chloride', 'Citric Acid', 'Butylene Glycol', 'PEG-4 Dilaurate']",Tigi Catwalk Curls Rock Amplifier – krem stylizujący do włosów kręconych,E
1,"['Aqua', 'Cetearyl Alcohol', 'Myristyl Alcohol', 'Cetrimonium Chloride', 'Amodimethicone', 'Dimethicone', 'Cocos Nucifera (Coconut) Oil', 'Wheat Amino Acids', 'Soy Amino Acids', 'Arginine Hcl', 'Serine', 'Threonine', 'Trideceth-10', 'Polyquaternium-37', 'Lactic Acid', 'Parfum', 'Sodium Benzoate', 'Benzyl Alcohol', 'Potassium Sorbate', 'Phenoxyethanol', 'Linalool']",DR. SANTE COCONUT HAIR Z OLEJEM KOKOSOWYM – maska emolientowa do włosów suchych i łamliwych,E
2,['Helianthus Annuus (Sunflower) Seed Oil'],ETJA NIERAFINOWANY ZIMNOTŁOCZONY OLEJ SŁONECZNIKOWY – do włosów wysokoporowatych i średnioporowatych,E
3,['Argania Spinosa (Argan) Kernel Oil'],ETJA NIERAFINOWANY ZIMNOTŁOCZONY OLEJ ARGANOWY BIO – do włosów wysokoporowatych,E
4,"['Aqua', 'Cetearyl Alcohol', 'Butyrospermum Parkii (Shea) Butter', 'Cucurbita Pepo (Pumpkin) Seed Oil', 'Behentrimonium Chloride', 'Brassica Oleracea Italica Seed Oil', 'Papaver Somniferum Seed Oil', 'Carthamus Tinctorius Seed Oil', 'Raphanus Sativus Seed Oil', 'Cetrimonium Chloride', 'Starch Hydroxypropyltrimonium Chloride', 'Phenoxyethanol', 'Benzoic Acid', 'Dehydroacetic Acid', 'Parfum', 'Citronallol', 'Geraniol', 'Linalool']",ANWEN Emolientowa Róża – odżywka do włosów o wysokiej porowatości,E
5,['Cannabis Sativa (Hemp) Seed Oil'],"Your Natural Side – nierafinowany, lekki olej konopny, do włosów wysokoporowatych",E
6,['Orbignya Oleifera (Babassu) Seed Oil'],MOHANI MASŁO BABASSU – do włosów niskoporowatych,E
7,"['Aqua', 'Cetyl Alcohol', 'Stearyl Alcohol', 'Cetrimonium Chloride', 'PVP/VA copolymer', 'Phenoxyethanol', 'Polyquaternium-10', 'Parfum', 'Benzophenone-3', 'Citric Acid', 'Sodium Hydroxide', 'Linalool', 'Butylphenyl\xa0Methylpropional', 'Hydroxycitronellal', 'Sodium acetate', 'Sodium Chloride', 'Citronellol', 'Isopropyl alcohol', 'CI 14700']",BOOTS ESSENTIALS CURL CREME – krem do stylizacji,E
8,['Melia Azadirachta (Neem) Seed Oil'],PHITOFILOS OLIO DI NEEM – tłoczony na zimno olej neem do włosów wysokoporowatych,E
9,['Cocos Nucifera (Coconut) Oil'],ETJA ZIMNOTŁOCZONY OLEJ Z MIĄŻSZU KOKOSA – do włosów niskoporowatych,E
10,"['Aqua', 'Pvp', 'Acrylates/Hydroxyesters Acrylates Copolymer', 'Acrylates/Steareth-20 Methacrylate Crosspolymer', 'Aminomethyl Propanol', 'Phenoxyethanol', 'PEG-40 Hydrogenated Castor Oil', 'Benzyl Alcohol', 'Caprylyl Glycol', 'Parfum', 'Ethylhexylglycerin', 'Glycerine', 'Sodium Benzoate']",SYOSS MEN POWER HOLD – mocny żel do włosów kręconych,E
11,"['Aqua', 'Macadamia Ternifolia Seed Oil', 'Cetearyl Alcohol', 'Behentrimonium Chloride', 'Brassica Oleracea Italica Seed Oil', 'Moringa Oleifera Seed Oil', 'Prunus Domestica (Plum) Seed Oil', 'Camellia Japonica Seed Oil', 'Starch Hydroxypropyltrimonium Chloride', 'Cetrimonium Chloride', 'Phenoxyethanol', 'Benzoic Acid', 'Dehydroacetic Acid', 'Parfum']",Anwen MAŁA Odżywka Emolientowy Irys do włosów o średniej porowatości,E
12,"['Aqua (Water)', 'Cetyl Alcohol', 'Persea Gratissima (Avocado) Seed Oil', 'Stearamidopropyl Dimethylamine', 'Glyceryl Stearate', 'Arachidyl Alcohol', 'Stearyl Alcohol', 'Butyrospermum Parkii (Shea) Butter', 'Parfum (Fragrance)', 'Neopentyl Glycol Diheptanoate', 'Phenoxyethanol', 'Ethylhexylglycerin', 'Lactic Acid', 'Isododecane', 'Polyester-11', 'Disodium Edta', 'Panthenol', 'Benzyl salicylate', 'Geraniol', 'Hexyl Cinnamal', 'Linalool']",CANTU AVOCADO HYDRATING CONDITIONER – odżywka emolientowa z olejem awokado i masłem shea,E
13,['Adansonia Digitata (Baobab) Seed Oil'],"Your Natural Side – olej z nasion baobabu, nierafinowany",E
14,"['Aqua', 'Cetearyl Alcohol', 'Persea Gratissima (Avocado) Seed Oil', 'Butyrospermum Parkii (Shea) Butter', 'Cocos Nucifera (Coconut) Oil', 'Biotin', 'Bioflavonoids', 'Pyridoxine HCL', 'Linoleic Acid', 'Linolenic Acid', 'Tocopherol', 'Retinyl Palmitate', 'Tocopheryl Acetate', 'Panthenol', 'Glycerin', 'Cetrimonium Chloride', 'Propylene Glycol', 'Polysorbate-20', 'Citric Acid', 'Benzyl salicylate', 'Limonene']",BARWA AWOKADO – emolientowa odżywka do włosów niskoporowatych,E
15,"['Water (Aqua/Eau)', 'Pvp', 'Isobutane', 'Propane', 'Phenoxyethanol', 'Fragrance (Parfum)', 'Cocamidopropyl Betaine', 'Caprylyl Glycol', 'Butane', 'Sodium Chloride', 'PEG/PPG-18/18 DIMETHICONE', 'Propylene Glycol', 'PEG/PPG-15/15 Allyl Ether Acetate', 'Sodium Benzoate', 'Alpha Isomethyl Ionone', 'Benzyl Benzoate', 'Benzyl salicylate', 'Butylphenyl\xa0Methylpropional', 'Citronallol', 'Hexyl Cinnamal', 'ISOEUGENOL', 'Linalool']",TIGI CATWALK CURLESQUE – nieobciążająca pianka do włosów falowanych,E
16,"['Aqua', 'PEG-25 Hydrogenated Castor Oil', 'PEG-7 Glyceryl Cocoate', 'Cocamidopropyl Betaine', 'Phenoxyethanol', 'Benzyl Alcohol', 'Parfum (Fragrance)', 'Cetrimonium Chloride', 'Polyquaternium-11', 'Polyquaternium-55', 'Sodium Chloride', 'Panthenol (Vitamin B-5)', 'Citric Acid', 'Butyrospermum Parkii (Shea) Butter', 'Coumarin', 'Benzyl Benzoate', 'Hexyl Cinnamal']",CANTU WAVE WHIP CURLING MOUSSE – piankowy mus do fal,E
17,"['Water (Aqua/Eau)', 'Carbomer', 'Polysorbate-20', 'VP/VA copolymer', 'Fragrance', 'Ricinus Communis (Castor) Seed Oil', 'Butyrospermum Parkii (Shea) Butter', 'Aminomethyl Propanol (Water Soluble)', 'Phenoxyethanol', 'Benzoic Acid', 'Ethylhexylglycerin', 'Glycereth-2 Cocoate', 'Glycerin', 'Disodium Edta', 'Hydrolyzed Soy Protein']",CANTU STRENGTHENING STYLING GEL BLACK CASTOR OIL – żel wzmacniający o dużym utrwaleniu,E
18,['Punica Granatum Seed Oil'],"Your Natural Side – wzmacniający olej z pestek granatu (nierafinowany), do włosów wysokoporowatych",E
19,"['Cocos Nucifera (Coconut) Oil', 'Terminalia Chebula Extract', 'Emblica Officinalis (Amla) Fruit Extract', 'Terminalia Belirica Extract', 'Azadirachta Indica Leaf Extract', 'Centella Asiatica Plant Extract', 'Hedychium Spicatum Rhizome Extract', 'Lawsonia Inermis (Henna) Leaf Extract', 'Lecithin', 'Perfume', 'Aqua', 'Milk', 'Rosmarinus Officinalis (Rosemary) Leaf Essential Oil', 'Tocopherol Acetate (Vitamin E)', 'Lemon Citrus Medica Oil', 'Butylated Hydroxy Toulene']",Vatika – olejek kokosowy z ziołami,E
20,"['Aqua/Water/Eau', 'Butane', 'VP/VA copolymer', 'Isobutane', 'Propane', 'Polysorbate-20', 'Polyquaternium-55', 'Pvp', 'Polyquaternium-4', 'Polyquaternium-11', 'Cyclopentasiloxane', 'Polyquaternium-7', 'Propylene Glycol', 'PPG-5-Ceteth-20', 'Benzophenone-4', 'PEG/PPG-14/4 Dimethicone', 'Ethylparaben', 'Methylparaben', 'Propylparaben', 'Imidazolidinyl Urea', 'Cetrimonium Chloride', 'Cocamidopropyl Betaine', 'Tetrasodium EDTA', 'Glycerin', 'sodium methylparaben', 'Sodium Dehydroacetate', 'Sorbic Acid', 'Parfum (Fragrance)', 'Limonene', 'Linalool', 'Eugenol', 'Geraniol', 'Citronellol']",KEMON HAIR MANYA BUILD FOAM – mocna pianka do stylizacji włosów zwiększająca objętość,E
21,"['Water (Aqua)', 'Polyquaternium-72', 'Shea Butter Ethyl Esters', 'Polyacrylamide', 'C13-14 Isoparaffin', 'Laureth-7', 'Lactobacillus/Tomato Fruit Ferment Extract', 'Oryza Sativa (Rice) Extract', 'Keratin Amino Acids', 'Leuconostoc/Radish Rootferment Filtrate', 'Acyl Coenzyme A Desaturase (SCD-1)', 'Fragrance (Parfum)', 'Disodium Edta', 'Phenoxyethanol', 'Ethylhexylglycerin']",NOT YOUR MOTHER’S CURL TALK DEFINING CREAM – emolientowy krem bez spłukiwania definiujący loki,E
22,['Butyrospermum Parkii Seed Oil'],"ETJA ZIMNOTŁOCZONY OLEJ Z MASŁA SHEA – do włosów wysokoporowatych, średnioporowatych i niskoporowatych",E
23,"['Aqua', 'Cetearyl Alcohol', 'Cetrimonium Chloride', 'Linum Usitatissimum (Linseed) Seed Oil', 'Citric Acid', 'Benzophenone-3', 'Propylene Glycol', 'Parfum', 'Benzyl Alcohol', 'Methylchloroisothiazolinone', 'Methylisothiazolinone']",KALLOS COLOR – popularna maska,E
24,['Prunus Amygdalus Dulcis (Sweet Almond) Oil'],"Your Natural Side – nierafinowany olej ze słodkich migdałów, do włosów średnioporowatych",E
25,"['Aqua', 'Cetearyl Alcohol', 'Cetrimonium Chloride', 'Aminopropyl Dimethicone', 'Isohexadecane', 'Parfum', 'Ficus Carica Fruit Extract', 'Citric Acid', 'Propylene Glycol', 'Benzyl Alcohol', 'Methylchloroisothiazolinone', 'Methylisothiazolinone']",KALLOS FIG – emolientowa odżywka do włosów,E
26,"['Aqua', 'Pvp', 'Acrylates/Hydroxyesters Acrylates Copolymer', 'Acrylates/Steareth-20 Methacrylate Crosspolymer', 'Aminomethyl Propanol', 'Phenoxyethanol', 'PEG-40 Hydrogenated Castor Oil', 'Glycerin', 'Panthenol', 'Caffeine', 'Taurine', 'Benzotriazolyl Dodecyl p-Cresol', 'Parfum', 'DMDM Hydantoin', 'Benzoic Acid', 'Ethylhexylglycerin', 'Sodium Benzoate', 'Benzyl salicylate', 'Limonene', 'CI 60730']",TAFT LOOKS V12 POWER GEL SPEED HOLD – bardzo mocny żel do stylizacji włosów falowanych i kręconych,E
27,['Butyrospermum Parkii (Shea) Butter'],"Your Natural Side – masło shea, nierafinowane, do włosów średnio- i wysokoporowatych",E
28,"['Water (Aqua/Eau)', 'Carbomer', 'Polysorbate-20', 'VP/VA copolymer', 'Fragrance (Parfum)', 'Persea Gratissima (Avocado) Seed Oil', 'Butyrospermum Parkii (Shea) Butter', 'Aminomethyl Propanol', 'Phenoxyethanol', 'Benzoic Acid', 'Ethylhexylglycerin', 'Glycereth-2 Cocoate', 'Glycerin', 'Disodium Edta', 'Yellow 6 (CI 15985)', 'CI 47005']",CANTU AVOCADO HYDRATING GEL FLEXIBLE HOLD- emolientowy żel stylizujący do włosów z olejem awokado i masłem shea,E
29,['Prunus Armeniaca (Apricot) Seed Oil'],"Your Natural Side – nierafinowany olej morelowy, do włosów średnioporowatych",E
30,"['Aqua', 'Orbignya Oleifera (Babassu) Seed Oil', 'Cetearyl Alcohol', 'Behentrimonium Chloride', 'Astrocaryum Murumuru Seed Butter', 'Caprylic/Capric Triglyceride', 'Starch Hydroxypropyltrimonium Chloride', 'Kaolin', 'Fucus Vesiculosus Extract', 'Cetrimonium Chloride', 'Phenoxyethanol', 'Benzoic Acid', 'Dehydroacetic Acid', 'BHT', 'Parfum']",EMOLIENTOWA AKACJA ANWEN odżywka do włosów o niskiej porowatości,E
31,['Euterpe Oleracea (Acai) Seed Oil'],Your Natural Side – regenerujący olej acai (euterpa),E
32,"['Aqua', 'Cetearyl Alcohol', 'Cetrimonium Chloride', 'Persea Gratissima (Avocado) Seed Oil', 'Behentrimonium Chloride', 'Parfum', 'Behenamidopropyl Dimethylamine', 'Dipalmitoylethyl Hydroxyethylmonium Metosulfate', 'Cetyl Alcohol', 'Stearyl Alcohol', 'Citric Acid', 'Helianthus Annuus (Sunflower) Seed Oil', 'Cocos Nucifera (Coconut) Oil', 'Linum Usitatissimum (Linseed) Seed Oil', 'Lactic Acid', 'Argania Spinosa Kernel Oil', 'Macadamia Ternifolia Seed Oil', 'Olea Europaea (Olive) Fruit Oil', 'Rosmarinus Officinalis (Rosemary) Leaf Extract', 'Propylene Glycol', 'Benzyl Alcohol', 'Methylchloroisothiazolinone']",KALLOS AVOCADO – emolientowe maska do włosów falowanych,E
33,"['Aqua', 'Cetearyl Alcohol', 'Myristyl Alcohol', 'Cetrimonium Chloride', 'Dimethicone', 'Amodimethicone', 'Cocos Nucifera (Coconut) Oil', 'Wheat Amino Acids', 'Soy Amino Acids', 'Arginine Hcl', 'Serine', 'Threonine', 'Ppg-3 Caprylyl Ether', 'Polyquaternium-37', 'Trideceth-10', 'Lactic Acid', 'Parfum', 'Sodium Benzoate', 'Benzyl Alcohol', 'Potassium Sorbate', 'Phenoxyethanol', 'Linalool']",DR. SANTE COCONUT HAIR – emolientowa odżywka z olejem kokosowym do włosów suchych i łamliwych,E
34,"['Aqua', 'Cetearyl Alcohol', 'Cetrimonium Chloride', 'Aminopropyl Dimethicone', 'Isohexadecane', 'Parfum', 'Magnifera Indica Seed Oil', 'Citric Acid', 'Propylene Glycol', 'Benzyl Alcohol', 'Methylchloroisothiazolinone', 'Methylisothiazolinone']",KALLOS MANGO – popularna maska odżywka,E
35,"['Water (Aqua/Eau)', 'Cetyl Alcohol', 'Cetrimonium Chloride', 'Cetearyl Alcohol', 'Cocos Nucifera (Coconut) Oil', 'Castor Oil', 'Cocos Nucifera (Coconut) Fruit Powder', 'Citrus Reticulata (Tangerine) Fruit Extract', 'Phytosterols', 'PEG-40', 'Parfum', 'Potassium Sorbate', 'Caprylyl Glycol', 'Phenoxyethanol', 'Abies Balsamea (Balsam Canada) Resin', 'Potassium Chloride', 'Limonene']",AS I AM Coconut CoWash Cleansing Cream Conditioner – łagodna odżywka myjąca,E
36,"['Aqua', 'Pvp', 'Acrylates/Hydroxyesters Acrylates Copolymer', 'Acrylates/Steareth-20 Methacrylate Crosspolymer', 'Phenoxyethanol', 'Aminomethyl Propanol', 'PEG-40 Hydrogenated Castor Oil', 'Glycerin', 'DMDM Hydantoin', 'Panthenol', 'Styrax Tonkinensis (Benzoin) Resin Extract', 'Benzoic Acid', 'Ethylhexylglycerin', 'Linalool', 'Limonene', 'Sodium Benzoate', 'Buthylphenyl Methylpropional', 'Alpha Isomethyl Ionone', 'CI 60730']","Żel stylizujący Schwarzkopf, Taft Looks – Irresistible Power, nr 8",E
37,"['Water (Aqua/Eau)', 'Cetearyl Alcohol', 'Simmondsia Chinensis (Jojoba) Seed Oil', 'Ethylhexyl Palmitate', 'Olea Europaea (Olive) Fruit Oil', 'Glyceryl Stearate', 'Astrocaryum Murumuru Seed Butter', 'Argania Spinosa Kernel Oil', 'Butyrospermum Parkii (Shea) Butter', 'Ricinus Communis (Castor) Seed Oil', 'Persea Gratissima (Avocado) Seed Oil', 'Rosa Centifolia Seed Oil', 'Citrus Aurantium Amara (Neroli) Oil', 'Vitamin E (Tocopheryl Acetate)', 'behentrimonium methosulfate', 'Cetrimonium Chloride', 'Biotin', 'Nigella Sativa (Black Cumin) Seed Oil', 'Trigonella Foenum-Graecum (Fenugreek) Seed Extract', 'Phenoxyethanol', 'Ethylhexylglycerin', 'Fragrance']",BOUNCE CURL MOISTURE BALANCE LEAVE-IN CONDITIONER – emolientowa odżywka bez spłukiwania,E
38,"['Linum Usitatissimum (Linseed) Seed Oil', 'Ricinus Communis (Castor) Seed Oil', 'Prunus Amygdalus Dulcis (Sweet Almond) Oil', 'Olea Europaea (Olive) Fruit Oil', 'Persea Gratissima (Avocado) Seed Oil', 'Fragrance (Parfum)']",CANTU FLAXSEED SMOOTHING OIL – mieszanka olejów z olejem lnianym i rycynowym,E
39,['Macadamia Ternifolia Seed Oil'],MOHANI OLEJ MAKADAMIA – do włosów średnioporowatych,E
40,"['Aqua', 'Cetearyl Alcohol', 'Cetrimonium Chloride', 'Citric Acid', 'Propylene Glycol', 'Hydrolyzed Milk Protein', 'Hydrolyzed Keratin', 'Cyclopentasiloxane', 'Dimethiconol', 'Parfum', 'Benzyl Alcohol', 'Methylchloroisothiazolinone', 'Methylisothiazolinone']",KALLOS KERATIN – odbudowująca odżywka do włosów,E
41,['Calophyllum Inophyllum (Tamanu) Seed Oil'],ETJA NIERAFINOWANY ZIMNOTŁOCZONY OLEJ TAMANU – do włosów średnioporowatych,E
42,['Sclerocarya Birrea (Marula) Seed Oil'],ETJA NIERAFINOWANY ZIMNOTŁOCZONY OLEJ MARULA – do włosów wysokoporowatych,E
43,['Punica Granatum Seed Oil'],ETJA NIERAFINOWANY ZIMNOTŁOCZONY OLEJ Z PESTEK GRANATU – do włosów wysokoporowatych i średnioporowatych,E
44,"['Octyldodecanol', 'Argania Spinosa Kernel Oil', 'Acorus Calamus Extract', 'Organic Avocado Extract', 'Isododecane and Hydrogenerated Tetradecenyl/Methylpentadecene', 'Zingiber Officinale Extract', 'Myristica Argentea Essential Oil', 'Cinnamonum Verum Essential Oil', 'Tocopherol', 'Perfume', 'Linalool', 'Citronellol', 'Limonene', 'Geraniol', 'Eugenol', 'Citral']",ECO LABORATORIE ARGAN SPA – olej fluid do bardzo zniszczonych i farbowanych włosów,E
45,['Adansonia Digitata (Baobab) Seed Oil'],ETJA NIERAFINOWANY ZIMNOTŁOCZONY OLEJ Z NASION BAOBABU – do włosów średnioporowatych,E
46,"['Helianthus Annuus (Sunflower) Seed Oil', 'Argania Spinosa (Argan) Kernel Oil', 'Arctium Lappa (Burdock) Root Extract', 'BHT']","Green Pharmacy, Elfa Pharm – wzmacniający olejek łopianowy na porost włosów z arganem",E
47,['Citrullus Vulgaris (Watermelon) Seed Oil'],ETJA NIERAFINOWANY ZIMNOTŁOCZONY OLEJ Z PESTEK ARBUZA – do włosów wysokoporowatych,E
48,['Borago Officinalis Seed Oil'],ETJA NIERAFINOWANY ZIMNOTŁOCZONY OLEJ Z OGÓRECZNIKA LEKARSKIEGO – do włosów wysokoporowatych,E
49,['Prunus Amygdalus Dulcis (Sweet Almond) Oil'],"MOHANI OLEJ ZE SŁODKICH MIGDAŁÓW – do średnioporowatych, cienkich i delikatnych włosów",E
50,"['Aqua (Water)', 'Polyvinylpyrrolidone', 'Pvp', 'Parfum (Fragrance)', 'Polyquaternium-37', 'Butyrospermum Parkii (Shea) Butter', 'Phenoxyethanol', 'Ethylhexylglycerin', 'Canola Oil', 'Glycine Soja (Soybean) Seed Oil', 'Cocos Nucifera (Coconut) Fruit Extract', 'Cocos Nucifera (Coconut) Oil', 'Persea Gratissima (Avocado) Seed Oil', 'Prunus Amygdalus Dulcis (Sweet Almond) Oil', 'Simmondsia Chinensis (Jojoba) Seed Oil', 'Olea Europaea (Olive) Fruit Oil', 'Argania Spinosa (Argan) Kernel Oil', 'Melia Azadirachta (Neem) Seed Oil', 'Daucus Carota Sativa (Carrot) Seed Oil', 'Macadamia Ternifolia Seed Oil', 'Mangifera Indica (Mango) Seed Oil', 'Vitis Vinifera (Grape) Seed Oil', 'Hydrolyzed Silk', 'Lonicera Japonica (Honeysuckle) Flower Extract', 'Macrocystis Pyrifera (Kelp) Extract', 'Salvia Officinalis (Sage) Leaf Extract', 'Urtica Dioica (Nettle) Leaf Extract', 'Silk Amino Acids', 'Aloe Barbadensis (Aloe Vera) Leaf Extract']",CANTU TWIST LOCK GEL – żel do stylizacji loków,E
51,['Cucurbita Pepo (Pumpkin) Seed Oil'],"Your Natural Side – nierafinowany olej z nasion dyni, do włosów wysokoporowatych",E
52,['Ricinus Communis (Castor) Seed Oil'],Your Natural Side – nierafinowany olej rycynowy na porost i do skóry głowy z łupieżem,E
53,['Rubus Idaeus (Raspberry) Seed Oil'],"Your Natural Side – nierafinowany olej z nasion malin, do włosów wysokoporowatych",E
54,['Moringa Oleifera Seed Oil'],ETJA NIERAFINOWANY ZIMNOTŁOCZONY OLEJ MORINGA – do włosów średnioporowatych,E
55,"['Argania Spinosa Kernel Oil', 'Macadamia Ternifolia Seed Oil', 'Parfum', 'PEG-8', 'Tocopherol', 'Ascorbyl Palmitate', 'Ascorbic Acid', 'Citric Acid']",ELFA PHARM VIS PLANTIS OLEJ ARGANOWY – wzbogacony olejem makadamia,E
56,"['Glycerin', 'Water (Aqua/Eau)', 'Butylene Glycol', 'PEG-8', 'PPG-5-Ceteth-20', 'Parfum', 'Phenoxyethanol', 'Carbomer', 'Aminomethyl Propanol (Water Soluble)', 'Butyrospermum Parkii (Shea) Butter', 'Argania Spinosa Kernel Oil', 'Simmondsia Chinensis (Jojoba) Seed Oil', 'Tocopheryl Acetate', 'ALEURITES MOLUCCANA (KUKUI) SEED OIL']",CANTU Dry Deny Moisture Seal Gel Oil – wygładzające serum do końcówek,E
57,['Laurus Nobilis Fruit Oil'],ETJA NIERAFINOWANY ZIMNOTŁOCZONY OLEJ LAUROWY – do włosów niskoporowatych,E
58,['Corylus Avellana Seed Oil'],ETJA NIERAFINOWANY ZIMNOTŁOCZONY OLEJ Z ORZECHÓW LASKOWYCH – do włosów wysokoporowatych i średnioporowatych,E
59,['Coffea Arabica Seed Oil'],ETJA NIERAFINOWANY ZIMNOTŁOCZONY OLEJ Z NASION KAWY – do włosów wysokoporowatych,E
60,['Oenothera Biennis Oil'],ETJA ZIMNOTŁOCZONY OLEJ Z WIESIOŁKA – do włosów wysokoporowatych,E
61,['Nigella Sativa (Black Cumin) Seed Oil'],"ETJA NIERAFINOWANY, ZIMNOTŁOCZONY OLEJ Z CZARNUSZKI (CZARNEGO KMINU) – do włosów wysokoporowatych",E
62,['Ricinus Communis (Castor) Seed Oil'],ETJA NIERAFINOWANY ZIMNOTŁOCZONY OLEJ RYCYNOWY – do włosów niskoporowatych i średnioporowatych,E
63,['Carthamus Tinctorius Seed Oil'],ETJA NIERAFINOWANY ZIMNOTŁOCZONY OLEJ KROKOSZOWY BIO – do włosów wysokoporowatych,E
64,"['Aqua', 'Cetearyl Alcohol', 'Myristyl Alcohol', 'Propylene Glycol', 'Parfum', 'Nigella Sativa (Black Cumin) Seed Extract', 'Lawsonia Inermis (Henna) Leaf Extract', 'Cetrimonium Chloride', 'Magnesium Nitrate', 'Methylisothiazolinone', 'Citric Acid']",VATIKA Z CZARNUSZKĄ – emolientowa maska do włosów zniszczonych,E
65,"['Octyldodecanol', 'Shea Butter Ethyl Esters', 'Salvia Officinalis (Sage) Leaf Extract', 'Organic Ginkgo Biloba Extract', 'Isododecane and Hydrogenerated Tetradecenyl/Methylpentadecene', 'Aesculus Hippocastanum Extract', 'Zingiber Officinale Extract', 'Aniba Rosaeodora Essential Oil', 'Geranium Essential Oil', 'Tocopherol', 'Perfume', 'Linalool', 'Citronellol', 'Limonene', 'Geraniol', 'Eugenol', 'Citral']",ECO LABORATORIE KARITE SPA – olej fluid do suchych włosów,E
66,"['Arnica Montana (Mountain Arnica) Flower Extract', 'Helianthus Annuus (Sunflower) Seed Oil']","Your Natural Side – kojący macerat z arniki górskiej, dla wrażliwej i podrażnionej skóry głowy",E
67,['Simmondsia Chinensis (Jojoba) Seed Oil'],ETJA NIERAFINOWANY ZIMNOTŁOCZONY OLEJ JOJOBA GOLD BIO – do włosów wysokoporowatych i średnioporowatych,E
68,['Rosa Moschata Seed Oil'],ETJA ZIMNOTŁOCZONY OLEJ Z NASION DZIKIEJ RÓŻY – do włosów wysokoporowatych,E
69,['Fragaria Ananassa Seed Oil'],ETJA NIERAFINOWANY ZIMNOTŁOCZONY OLEJ Z NASION TRUSKAWKI – do włosów wysokoporowatych,E
70,['Fragaria Ananassa Seed Oil'],MOHANI OLEJ Z PESTEK TRUSKAWEK – do włosów wysokoporowatych,E
71,['Persea Gratissima (Avocado) Seed Oil'],MOHANI OLEJ AWOKADO – idealny do włosów średnioporowatych,E
72,['Rubus Idaeus (Raspberry) Seed Oil'],ETJA NIERAFINOWANY ZIMNOTŁOCZONY OLEJ Z NASION MALIN – do włosów wysokoporowatych,E
73,['Pisatcia Vera Seed Oil'],ETJA ZIMNOTŁOCZONY OLEJ PISTACJOWY – do włosów wysokoporowatych i średnioporowatych,E
74,['Perilla Ocymoides Seed Oil'],ETJA NIERAFINOWANY ZIMNOTŁOCZONY OLEJ PERILLA Z PACHNOTKI – do włosów średnioporowatych,E
75,['Persea Gratissima (Avocado) Seed Oil'],ETJA NIERAFINOWANY ZIMNOTŁOCZONY OLEJ AWOKADO BIO – do włosów średnioporowatych,E
76,['Prunus Armeniaca (Apricot) Seed Oil'],ETJA NIERAFINOWANY ZIMNOTŁOCZONY OLEJ Z PESTEK MORELI – do włosów wysokoporowatych i średnioporowatych,E
77,"['Aqua', 'Cetearyl Alcohol', 'Myristyl Alcohol', 'Distearoylethyl Dimonium Chloride', 'Pyrus Cydonia Fruit Extract', 'Cucurbita Maxima Fruit Extract', 'Myristyl Lactate', 'Lauryl Alcohol', 'Dicaprylyl Ether', 'Glyceryl Laurate', 'Fragrance (Parfum)', 'Citric Acid', 'Tocopherol', 'Sodium Benzoate', 'Potassium Sorbate', 'Benzyl Alcohol', 'Linalool', 'Geraniol']",INSIGHT SENSITIVE SKIN MASK – emolientowa maska z pigwą i grejphfrutem,E
78,['Squalane'],"Natura Receptura – bio skwalan z oliwek, ultralekki olej – naturalne serum",E
79,['Prunus Persica (Peach) Seed Oil'],ETJA ZIMNOTŁOCZONY OLEJ Z PESTEK BRZOSKWINI – do włosów średnioporowatych,E
80,['Melia Azadirachta (Neem) Seed Oil'],"ETJA – NIERAFINOWANY, ZIMNOTŁOCZONY OLEJ NEEM, DO WŁOSÓW WYSOKOPOROWATYCH",E
81,['Cannabis Sativa (Hemp) Seed Oil'],"ETJA NIERAFINOWANY, ZIMNOTŁOCZONY OLEJ KONOPNY BIO – do włosów wysokoporowatych",E
82,['Cucurbita Pepo (Pumpkin) Seed Oil'],"ETJA NIERAFINOWANY, ZIMNOTŁOCZONY OLEJ Z PESTEK DYNI – do włosów wysokoporowatych i średnioporowatych",E
83,['Linum Usitatissimum (Linseed) Seed Oil'],ETJA NIERAFINOWANY ZIMNOTŁOCZONY OLEJ LNIANY BIO – do włosów wysokoporowatych,E
84,['Squalane'],YOUR NATURAL SIDE SKWALAN Z OLIWEK – do włosów wysokoporowatych,E
85,['Sambucus\xa0Nigra Seed Oil'],"Your Natural Side – nierafinowany olej z nasion czarnego bzu, do włosów wysokoporowatych",E
86,['Caryodendron Orinocense (Cacay) Seed Oil'],"Your Natural Side – brazylijski olej cacay, nierafinowany",E
87,['Solanum Lycopersicum (Tomato) Seed Oil'],Your Natural Side – nierafinowany olej z nasion pomidora,E
88,['Argania Spinosa (Argan) Kernel Oil'],"Your Natural Side – zimnotłoczony olej arganowy, marokańskie złoto, do włosów średnioporowatych",E
89,"['Persea Gratissima (Avocado) Seed Oil', 'Hydrogenated Vegetable Oil', 'Tocopherol Acetate (Vitamin E)']","Your Natural Side – masło awokado, do włosów średnioporowatych",E
90,"['Helianthus Annuus (Sunflower) Seed Oil', 'Equisetum Arvense (Horsetail) Herbs Extract', 'Zea Mays (Corn) Germ Oil', 'Arctium Lappa (Burdock) Root Extract', 'BHT']","Green Pharmacy, Elfa Pharm – olejek łopianowy na porost i wzmocnienie włosów, z zielem skrzypu",E
91,"['Aqua', 'Macadamia Ternifolia Seed Oil', 'Cetearyl Alcohol', 'Behentrimonium Chloride', 'Brassica Oleracea Italica Seed Oil', 'Moringa Oleifera Seed Oil', 'Prunus Domestica (Plum) Seed Oil', 'Camellia Japonica Seed Oil', 'Starch Hydroxypropyltrimonium Chloride', 'Cetrimonium Chloride', 'Phenoxyethanol', 'Benzoic Acid', 'Dehydroacetic Acid', 'Parfum']",Anwen Emolientowy Irys – odżywka do włosów o średniej porowatości,E
92,"['Coco-Caprylate', 'Caprylic/Capric Triglyceride', 'Titanium Dioxide', 'Zinc Oxide', 'Glyceryl Behenate', 'Polyglyceryl-2 Dipolyhydroxystearate', 'Hydrated Silica', 'Hydrogenated Vegetable Oil', 'Polyhydroxystearic Acid', 'Polyglyceryl-3 Diisostearate', 'Stearic Acid', 'Mauritia Flexuosa (Buriti) Fruit Oil', 'Tocopherol', 'Helianthus Annuus (Sunflower) Seed Oil', 'Alumina', 'Palmitic Acid']",ANTHYLLIS KREM PRZECIWSŁONECZNY DO WŁOSÓW SPF 30 – ochrona przeciwko UVA i UVB,E
93,['Oenothera Biennis Oil'],"Your Natural Side – nierafinowany olej z wiesiołka, do wrażliwej, przetłuszczającej się skóry głowy oraz do włosów wysokoporowatych",E
94,['Macadamia Integrifolia Seed Oil'],"Your Natural Side – zimnotłoczony olej makadamia, do włosów średnioporowatych",E
95,['Coffea Arabica Seed Oil'],"Your Natural Side – nierafinowany olej z zielonych nasion kawy, na porost",E
96,['Calendula Officinalis Flower in Helianthus Annuus Seed Oil'],ETJA ZIMNOTŁOCZONY MACERAT OLEJ Z NAGIETKA LEKARSKIEGO – do włosów wysokoporowatych i średnioporowatych,E
97,['Daucus Carota in Helinathus Annuus Seed Oil'],ETJA ZIMNOTŁOCZONY MACERAT OLEJ Z NASION MARCHWI – do włosów wysokoporowatych i średnioporowatych,E
98,['Carum Petroselinum (Parsley) Seed Oil'],"Your Natural Side – nierafinowany olej z nasion pietruszki, do przetłuszczającej się skóry głowy",E
99,['Rubus Fruticosus Seed Oil'],"Your Natural Side – nierafinowany olej z nasion jeżyn, do włosów wysokoporowatych",E
100,"['Macadamia Ternifolia Seed Oil', 'Rosa Moschata Seed Oil', 'Parfum', 'PEG-8', 'Tocopherol', 'Ascorbyl Palmitate', 'Ascorbic Acid', 'Citric Acid', 'Citronellol', 'Geraniol']",ELFA PHARM VIS PLANTIS OLEJ RÓŻANY – wzbogacony olejem makadamia,E
101,['Rubus Idaeus (Raspberry) Seed Oil'],MOHANI OLEJ Z NASION MALIN – do włosów wysokoporowatych,E
102,"['Octyldodecanol', 'Macadamia Integrifolia Seed Oil', 'Organic Sophora Japonica Flower Extract', 'Hamamelis Virginiana Leaf Extract', 'Isododecane and Hydrogenerated Tetradecenyl/Methylpentadecene', 'Aesculus Hippocastanum Extract', 'Zingiber Officinale Extract', 'Citrus Aurantium Essential Oil', 'Jasminum Essential Oil', 'Tocopherol', 'Perfume', 'Linalool', 'Citronellol', 'Limonene', 'Geraniol', 'Eugenol', 'Citral']",ECO LABORATORIE MACADAMIA SPA – olej fluid do włosów cienkich i łamliwych,E
103,"['Water (Aqua)', 'Glycerin', 'Polysorbate-20', 'Fragrance', 'PEG-40 Hydrogenated Castor Oil', 'Butyrospermum Parkii (Shea) Butter', 'Magnesium Sulfate', 'Guar Hydroxypropyl Trimonium Chloride', 'Citric Acid', 'Methylisothiazolinone', 'Phenoxyethanol']",CANTU COMEBACK CURL NEXT DAY CURL REVITALIZER – mgiełka do reanimacji loków i fal,E
104,"['Aqua (Water)', 'Stearyl Alcohol', 'Cetyl Alcohol', 'Butyrospermum Parkii (Shea) Butter', 'Stearamidopropyl Dimethylamine', 'Glyceryl Stearate', 'Phenoxyethanol', 'Parfum (Fragrance)', 'Neopentyl Glycol Diheptanoate', 'Lactic Acid', 'Isododecane', 'Ethylhexylglycerin', 'Polyester-11', 'Panthenol', 'Disodium Edta', 'Benzyl Benzoate']",CANTU Hydrating Emolientowa odżywka do włosów o każdej porowatości,E
105,['Mangifera Indica (Mango) Seed Butter'],ETJA MASŁO MANGO – do włosów niskoporowatych i średnioporowatych,E
106,['Theobroma Cacao (Cocoa) Seed Butter'],ETJA NIERAFINOWANE ZIMNOTŁOCZONE NATURALNE MASŁO KAKAOWE – do włosów niskoporowatych i średnioporowatych,E
107,['ymphytum Officinale Leaf in Helianthus Annuus Seed Oil'],ETJA ZIMNOTŁOCZONY MACERAT OLEJ Z ŻYWOKOSTU LEKARSKIEGO – do włosów wysokoporowatych i średnioporowatych,E
108,['Plukenetia Volubilis (Sacha Inchi) Seed Oil'],ETJA NIERAFINOWANY ZIMNOTŁOCZONY OLEJ INCA INCHI – do włosów średnioporowatych,E
109,['Prunus Amygdalus Dulcis (Sweet Almond) Oil'],ETJA ZIMNOTŁOCZONY OLEJ ZE SŁODKICH MIGDAŁÓW – do włosów wysokoporowatych i średnioporowatych,E
110,['Salvia Hispanica Seed Oil'],ETJA NIERAFINOWANY ZIMNOTŁOCZONY OLEJ Z NASION CHIA – do włosów wysokoporowatych,E
111,['Calophyllum Inophyllum (Tamanu) Seed Oil'],"Your Natural Side – nierafinowany olej tamanu, do problemowej skóry głowy, skłonnej do podrażnień i łupieżu",E
112,['Sclerocarya Birrea (Marula) Seed Oil'],"Your Natural Side – antystarzeniowy olej marula, nierafinowany, kwasy Omega-9",E
113,['Cucumis Sativus Seed Oil'],"Your Natural Side – nierafinowany olej z nasion ogórka, do włosów wysokoporowatych i do przetłuszczającej się skóry głowy",E
114,"['Prunus Amygdalus Dulcis (Sweet Almond) Oil', 'Coffea Arabica Seed Oil', 'Hydrogenated Vegetable Oil', 'Tocopherol Acetate (Vitamin E)']","Your Natural Side – masło kawowe, do włosów niskoporowatych",E
115,"['Aqua', 'Cetrimonium Chloride', 'Cetearyl Alcohol', 'Myristyl Alcohol', 'Olea Europaea (Olive) Fruit Oil', 'Prunus Amygdalus Dulcis (Sweet Almond) Oil', 'Lawsonia Inermis (Henna) Leaf Extract', 'Perfume', 'Magnesium Nitrate', 'Magnesium Chloride', 'Methylchloroisothiazolinone', 'Methylisothiazolinone', 'Citric Acid', 'CI 16255', 'CI 19140', 'CI 14720', 'CI 73015', 'CI 28440']",DABUR VATIKA OLIWA Z OLIWEK – dogłębnie wzmacniająca maska do włosów,E
116,"['Water (Aqua/Eau)', 'Carbomer', 'Polysorbate-20', 'VP/VA copolymer', 'Fragrance/Parfum Anise Alcohol', 'Linum Usitatissimum (Linseed) Seed Oil', 'Olea Europaea (Olive) Fruit Oil', 'Butyrospermum Parkii (Shea) Butter', 'Aminomethyl Propanol (Water Soluble)', 'Phenoxyethanol', 'Benzoic Acid', 'Ethylhexylglycerin', 'Glycereth-2 Cocoate', 'Glycerin', 'Disodium Edta', 'Yellow 5 (CI 19140)', 'Blue 1 (CI 42090)']",CANTU MOISTURE RETENTION STYLING GEL- żel utrzymujący odpowiednie nawilżenie włosów kręconych i falowanych,E
117,"['Aqua', 'Cetearyl Alcohol', 'Butyrospermum Parkii (Shea) Butter', 'Cucurbita Pepo (Pumpkin) Seed Oil', 'Behentrimonium Chloride', 'Brassica Oleracea Italica Seed Oil', 'Papaver Somniferum Seed Oil', 'Carthamus Tinctorius Seed Oil', 'Raphanus Sativus Seed Oil', 'Cetrimonium Chloride', 'Starch Hydroxypropyltrimonium Chloride', 'Phenoxyethanol', 'Benzoic Acid', 'Dehydroacetic Acid', 'Parfum', 'Citronallol', 'Geraniol', 'Linalool']",Anwen MAŁA Odżywka Emolientowa Róża do włosów o wysokiej porowatości,E
118,['Butyrospermum Parkii (Shea) Butter'],"ETJA NIERAFINOWANE ZIMNOTŁOCZONE MASŁO SHEA – – do włosów wysokoporowatych, średnioporowatych i niskoporowatych",E
119,['Prunus Domestica (Plum) Seed Oil'],ETJA NIERAFINOWANY ZIMNOTŁOCZONY OLEJ Z PESTEK ŚLIWKI – do włosów średnioporowatych,E
120,"['Arnica Montana (Mountain Arnica) Flower Extract', 'Helianthus Annuus (Sunflower) Seed Oil']",ETJA ZIMNOTŁOCZONY MACERAT OLEJ Z ARNIKI GÓRSKIEJ – do włosów wysokoporowatych i średnioporowatych,E
121,['Macadamia Ternifolia Seed Oil'],ETJA NIERAFINOWANY ZIMNOTŁOCZONY OLEJ MAKADAMIA – do włosów wysokoporowatych i średnioporowatych,E
122,['Limnanthes Alba Seed Oil'],Your Natural Side – nierafinowany olej meadowfoam – “piana łąkowa”,E
123,['Mauritia Flexuosa Oil'],Your Natural Side – olej z palmy buriti (Mauritia),E
124,['Opuntia Ficus-Indica (Prickly Pear) Seed Oil'],"Your Natural Side – luksusowy olej z nasion opuncji figowej, nierafinowany, do włosów wysokoporowatych",E
125,['Crambe Abyssinica Seed Oil'],Your Natural Side – olej abisyński (katran abisyński),E
126,['Cocos Nucifera (Coconut) Oil'],"Your Natural Side – nierafinowany olej kokosowy, do włosów niskoporowatych",E
127,"['Aqua', 'Cetrimonium Chloride', 'Cetearyl Alcohol', 'Myristyl Alcohol', 'Propylene Glycol', 'Parfum', 'Honey Extract', 'Hydrogenated Castor Oil', 'Marrow Extract', 'Egg Powder', 'Olea Europaea (Olive) Fruit Oil', 'Magnesium Nitrate', 'Magnesium Chloride', 'Methylchloroisothiazolinone', 'Methylisothiazolinone', 'Citric Acid', 'CI 19140', 'CI 42080', 'CI 28440', 'CI 16255', 'CI 14720']",DABUR VATIKA PROTEINY JAJECZNE – maska głęboko odżywiająca,E
128,"['Oryza Sativa (Rice) Bran Oil', 'Sesamum Indicum (Sesame ) Seed Oil', 'Helianthus Annuus (Sunflower) Seed Oil', 'Hibiscus Sabdariffa Flower Extract', 'Hemidesmus Indicus (Sarsaparilla) Extract', 'Vetiveria Zizanoides (Vetivert/Vala) Root Powder', 'Tocopherol Acetate (Vitamin E)', 'Mimosa Pudica Extract', 'Santalum Album Extract', 'Onosma Hispidum Root Extract', 'Citrus Aurantium Amara (Neroli) Oil', 'Chamomilla Recuitita (Matricaria) Flower Extract', 'Prunus Amygdalus Dulcis (Sweet Almond) Oil', 'Triticum Vulgare (Wheat) Germ Oil', 'Daucus Carota (Carrot) Root Extract', 'Geraniol', 'Linalool', 'Citronellol', 'Limonene']","KHADI OLEJEK Z HIBISKUSEM – ajurwedyjski olejek do włosów, ciała i skóry głowy",E
129,"['Aqua (Water)', 'Cetearyl Alcohol', 'Cetrimonium Chloride', 'Distearoylethyl Dimonium Chloride', 'Myristyl Alcohol', 'Helianthus Annuus (Sunflower) Seed Oil', 'Zea Mays (Corn) Germ Oil', 'Citrus Limon Fruit Extract', 'Prunus Armeniaca (Apricot) Seed Oil', 'Hydrogenated Vegetable Oil', 'Butyrospermum Parkii (Shea) Butter', 'Tocopherol', 'Parfum (Fragrance)', 'Citric Acid', 'Benzyl Alcohol', 'Glyceryl Laurate', 'Sodium Benzoate', 'Potassium Sorbate']",INSIGHT ENERGIZING MASK – emolientowa maska do średnioporowatych i wysokoporowatych włosów,E
130,"['Helianthus Annuus (Sunflower) Seed Oil', 'Cocos Nucifera (Coconut) Oil', 'Ricinus Communis (Castor) Seed Oil', 'Prunus Amygdalus Dulcis (Sweet Almond) Oil', 'Simmondsia Chinensis (Jojoba) Seed Oil', 'Argania Spinosa (Argan) Kernel Oil', 'Oryza Sativa (Rice) Bran Oil', 'Phyllanthus Emblica Fruit Extract', 'Zea Mays (Corn) Germ Oil', 'Tocopherol', 'Parfum (Fragrance)']",PHITOFILOS ARMONIA ORIENTALE – mieszanka olejów do włosów,E
131,['Triticum Vulgare (Wheat) Germ Oil'],ETJA NIERAFINOWANY ZIMNOTŁOCZONY OLEJ Z KIEŁKÓW PSZENICY – do włosów wysokoporowatych i średnioporowatych,E
132,['Moringa Oleifera Seed Oil'],"Your Natural Side – nierafinowany olej moringa, do delikatnej skóry głowy",E
133,['Passiflora Edulis Seed Oil'],Your Natural Side – olej z nasion marakui (Passiflory),E
134,['Rosa Canina Seed Oil'],"Your Natural Side – nierafinowany olej różany, z nasion dzikiej róży, do włosów wysokoporowatych",E
135,['Hippophaë Rhamnoides Fruit Oil (Seabuckthorn Oil)'],Your Natural Side – nierafinowany olej rokitnikowy do włosów średnio- i wysokoporowatych oraz wrażliwej skóry głowy,E
136,"['Macadamia Ternifolia Seed Oil', 'Hydrogenated Vegetable Oil', 'Tocopherol Acetate (Vitamin E)']","Your Natural Side – masło makadamia, do włosów średnioporowatych",E
137,"['Water (Aqua)', 'Eau)', 'Glycerin', 'Fragrance (Parfum)', 'Butyrospermum Parkii (Shea) Butter', 'Cocos Nucifera (Coconut) Oil', 'Glycine Soja (Soybean) Seed Oil', 'Simmondsia Chinensis (Jojoba) Seed Oil', 'Aloe Barbadensis (Aloe Vera) Leaf Juice', 'Cocos Nucifera (Coconut) Fruit Extract', 'Prunus Amygdalus Dulcis (Sweet Almond) Oil', 'Persea Gratissima (Avocado) Seed Oil', 'Vitis Vinifera (Grape) Seed Extract', 'Olea Europaea (Olive) Fruit Oil', 'Mangifera Indica (Mango) Seed Butter', 'Macadamia Ternifolia Seed Oil', 'Daucus Carota Sativa (Carrot) Seed Oil', 'Melia Azadirachta (Neem) Seed Oil', 'Argania Spinosa (Argan) Kernel Oil', 'Salvia Officinalis (Sage) Leaf Extract', 'Urtica Dioica (Nettle) Leaf Extract', 'Lonicera Japonica (Honeysuckle) Flower Extract', 'Laminara Cloustoni (Sea Kelp) Extract', 'Silk Amino Acids', 'Hydrolyzed Silk', 'PEG-40 Hydrogenated Castor Oil', 'Polyquaternium-10', 'Phenoxyethanol', 'Ethylhexylglycerin']",CANTU SHEA BUTTER COCONUT OIL SHINE & HOLD MIST – mgiełka nawilżająca,E
138,"['Prunus Amygdalus Dulcis (Sweet Almond) Oil', 'Helianthus Annuus (Sunflower) Seed Oil', 'Prunus Armeniaca (Apricot) Seed Oil', 'Ricinus Communis (Castor) Seed Oil', 'Olea Europaea (Olive) Fruit Oil', 'Vitis Vinifera (Grape) Seed Oil', 'Tocopherol', 'Parfum (Fragrance)']",PHITOFILOS ARMONIA MEDITERRANEA – mieszanka olejów do włosów,E
139,"['Emblica Officinalis (Amla) Oil', 'Sesamum Indicum (Sesame ) Seed Oil']",AYUSH AJURWEDYJSKI AMLA – olejek do ciała i włosów,E
140,"['Butea frondosa (Tesu) Extract', 'Acacia Concinna (Shikakai) Fruit Extract', 'Hibiscus Rosa Sinensis (Chinese Rose) Flower Extract', 'Mangifera Indica (Mango) Seed Extract', 'Emblica Officinalis (Amla) Fruit Extract', 'Vegetable Oil']","Biotique, Bio Flame of the Forest – wzmacniający olejek na porost z hibiskusem i amlą indyjską",E
141,"['Oryza Sativa (Rice) Bran Oil', 'Sesamum Indicum (Sesame ) Seed Oil', 'Cannabis Sativa (Hemp) Seed Oil', 'Crambe Abyssinica Seed Oil', 'Sclerocarya Birrea (Marula) Seed Oil', 'Prunus Armeniaca (Apricot) Seed Oil', 'Tocopherol', 'Parfum (Fragrance)']",PHITOFILOS ARMONIA D’AFRICA – mieszanka olejów do włosów,E
142,"['Helianthus Annuus (Sunflower) Seed Oil', 'Calendula Offi\xadci\xadna\xadlis (Marigold) Flower Ex\xadtract']","Natura Receptura – łagodzący macerat z kwiatów nagietka, w zimnotłoczonym oleju słonecznikowym",E
143,['Laurus Nobilis Fruit Oil'],"Your Natural Side – nierafinowany olej laurowy o balsamicznym zapachu, przeciw łupieżowi",E
144,['Vitis Vinifera (Grape) Seed Oil'],"Your Natural Side – olej winogronowy, do włosów wysokoporowatych",E
145,"['Aqua with infusions of:', 'Simmondsia Chinensis (Jojoba) Seed Oil', 'Cananga Odorata (Ylang Ylang) Flower Essential Oil', 'Organic Lotus Corniculatus Flower Extract', 'Tamarindus Indica Leaf Extract', 'Mangifera Indica (Mango) Seed Oil', 'Acacia Arabica Bark Extract', 'Orchis Maculata Flower Extract', 'Cetearyl Alcohol', 'Glyceryl Stearate', 'Cetrimonium Chloride', 'Behentrimonium Chloride', 'Cetyl Ether', 'Dimethicone', 'Guar Hydroxypropyltrimonium Chloride', 'Parfum', 'Benzyl Alcohol', 'Benzoic Acid', 'Sorbic Acid', 'Citric Acid']",PLANETA ORGANICA MASKA TAJSKA BLASK I SIŁA – dociąża i nadaje blask,E
146,['Cannabis Sativa (Hemp) Seed Oil'],"Dary Natury – lekki, zimnotłoczony olej konopny, do włosów wysokoporowatych",E
147,['Nigella Sativa (Black Cumin) Seed Oil'],"Dary Natury – zimnotłoczony olej z czarnuszki, do włosów wysokoporowatych i poblematycznej skóry głowy ze skłonnościami do przetłuszczania i łupieżu",E
148,['Trigonella Foenum - Graceum (Fenugreek) Seed Oil'],"Dary Natury – zimnotłoczony, ekologiczny olej z nasion kozieradki na porost włosów i wzmocnienie cebulek",E
149,"['Aqua', 'Sorbitol', 'Prunus Amygdalus Dulcis (Sweet Almond) Oil', 'Acrylates/Steareth-20 Methacrylate Crosspolymer', 'Glycerin', 'Pvp', 'Polysorbate-20', 'Carbomer', 'Fragrance (Parfum)', 'Disodium Edta', 'Honey', 'Benzoic Acid', 'Ethylhexylglycerin', 'Glycereth-2 Cocoate', 'Yellow 5 (CI 19140)', 'Yellow 6 (CI 15985)']",MISS JESSE’S Honey Curls Curl Enhancer – miodowy żel utrwalający i definiujący,E
150,['Prunus Amygdalus Dulcis (Sweet Almond) Oil'],ETJA NIERAFINOWANY ZIMNOTŁOCZONY OLEJ ZE SŁODKICH MIGDAŁÓW – do włosów wysokoporowatych i średnioporowatych,E
151,['Ribes Nigrum Seed Oil'],ETJA ZIMNOTŁOCZONY OLEJ Z CZARNEJ PORZECZKI – do włosów wysokoporowatych,E
152,"['Aqua', 'Carbomer', 'Triethanolamine', 'Sodium Hydroxymethylglycinate', 'Linum Usitatissimum (Linseed) Seed Oil', 'Ricinus Communis (Castor) Seed Oil', 'Butyrospermum Parkii (Shea) Butter', 'Olea Europaea (Olive) Fruit Oil', 'Polysorbate-20', 'Tetrasodium EDTA', 'Polyvinylpyrrolidone', 'Glycerin', 'Hydrolyzed Wheat Protein', 'Yellow 5 (CI 19140)', 'Yellow 6 (CI 15985)', 'mica', 'titanium dioxide and iron oxide', 'Parfum', 'Benzyl Benzoate', 'd-Limonene', 'Lilial']",ECO STYLE GOLD – mocny żel do stylizacji z oliwą z oliwek i olejem rycynowym,E
153,['Linum Usitatissimum (Linseed) Seed Oil'],"Your Natural Side – nierafinowany olej lniany, do włosów wysokoporowatych",E
154,['Oryza Sativa (Rice) Bran Oil'],Your Natural Side – olej ryżowy do włosów wysoko- i średnioporowatych,E
155,['Citrullus Colocynthis Seed Oil'],"Your Natural Side – olej z pestek arbuza, do włosów wysokoporowatych",E
156,['Nigella Sativa (Black Cumin) Seed Oil'],"Your Natural Side – nierafinowany olej z czarnuszki, redukcja łupieżu i przetłuszczania",E
157,['Persea Gratissima (Avocado) Seed Oil'],"Your Natural Side – zimnotłoczony olej awokado, do włosów średnioporowatych",E
158,['Prunus Domestica (Plum) Seed Oil'],"Your Natural Side – lekki, aromatyczny olej z pestek śliwki, do włosów średnioporów (nierafinowany)",E
159,"['Aqua', 'Sapindus Mukurossi Peel Floral Water', 'Aesculus Hippocastanum (Horse Chestnut) Seed Extract', 'Salvia Officinalis (Sage) Leaf Extract', 'Glycerine', 'Behenamidopropyl Dimethylamine', 'Glyceryl Monostearate', 'Glyceryl Stearate SE', 'Triticum Vulgare (Wheat) Germ Oil', 'Oleum Rusci', 'Juniperus Communis Essential Oil', 'Parfum', 'Lactic Acid', 'Benzoic Acid', 'Sorbic Acid', 'Dehydroacetic Acid', 'Benzyl Alcohol']",Fitokosmetik – przeciwłupieżowy balsam dziegciowy,E
160,"['Helianthus Annuus (Sunflower) Seed Oil', 'Arctium Lappa (Burdock) Root Extract', 'Capsicum Annuum (Chili Pepper) Fruit Extract', 'BHT']","Green Pharmacy, Elfa Pharm – olejek łopianowy na porost włosów z papryką",E
161,"['Aqua', 'Cetearyl Alcohol', 'Myristyl Alcohol', 'Cetrimonium Chloride', 'Propylene Glycol', 'Parfum', 'Cereus grandiflorus (Cactus) Extract', 'Allium sativum (Garlic) Extract', 'Hydrolyzed Vegetable Protein', 'Methylchloroisothiazolinone', 'Methylisothiazolinone', 'Citric Acid']",DABUR VATIKA DZIKI KAKTUS – maska do włosów słabych i łamliwych,E
162,"['Hippophae Rhamnoides Water', 'Prunus Amygdalus Dulcis (Sweet Almond) Oil', 'Crambe Abyssinica Seed Oil', 'Carthamus Tinctorius Seed Oil', 'Simmondsia Chinensis (Jojoba) Seed Oil', 'Pinus Siberica Cone Essential Oil', 'Aqua (Water)', 'Tilia Cordata Flower Extract', 'Citric Acid', 'Glycerin', 'Behenamidopropyl Dimethylamine', 'Glyceryl Monostearate', 'Parfum', 'Lactic Acid', 'Benzoic Acid', 'Sorbic Acid', 'Dehydroacetic Acid', 'Benzyl Alcohol']",Fitokosmetik – odżywczy olejek do włosów z dodatkiem nawilżającego kwiatu lipy,E
163,"['Aqua', 'Pvp', 'Carbomer', 'Phenoxyethanol', 'Aminomethyl Propanol', 'PEG-40 Hydrogenated Castor Oil', 'Sodium Benzoate', 'sodium methylparaben', 'Dipropylene Glycol', 'Parfum', 'Benophenone-4', 'Tetrasodium EDTA', 'Benzyl salicylate', 'Butylphenyl\xa0Methylpropional', 'Limonene', 'Hydroxycitronellal', 'CI 60730', 'CI 17200']",BOOTS ESSENTIALS EXTRA FIRM HOLD GEL – żel do stylizacji,E
164,['Urtica Dioica (Nettle) Seed Oil'],"Dary Natury – zimnotłoczony olej z nasion pokrzywy, na porost włosów",E
165,['Fragaria Ananassa Seed Oil'],"Your Natural Side – aromatyczny olej z nasion truskawki, o słodkim zapachu, do włosów wysokoporowatych (nierafinowany)",E
166,['Camellia Oleifera Seed Oil'],"Your Natural Side – kojący, nierafinowany olej kameliowy, do wrażliwej skóry głowy i do włosów wysokoporowatych",E
167,['Simmondsia Chinensis (Jojoba) Seed Oil'],"Your Natural Side – nierafinowany, złoty olej jojoba, do włosów średnioporowatych",E
168,"['Cocos Nucifera (Coconut) Oil', 'Sesamum Indicum (Sesame ) Seed Oil', 'Milk', 'Nilibhrugadi Oil', 'Sungandhit Dravya', 'Trifala', 'Eclipta Alba', 'Ferriper Oxidumrubrum', 'Triticum Aestivum Oil', 'Lemon Citrus Medica Oil', 'Centella Asiatica', 'Jasminum Officinale', 'Datura Metel', 'Indigofera Tinctoria', 'Citrullus Colocynthis', 'Abrus Precatorius', 'Elettaria Cardamonum', 'Valeriana Wallichii', 'Pongamia Pinnata', 'Azadirachta Indica', 'Lawsonia Alba', 'Cedrus deodara oil (eteryczny olejek cedrowy)', 'Anacyclus Pyrethrum', 'Vetiveria Zizanioides', 'Glycyrrhiza Glabra (Licorice) Root Extract', 'Quinazarine Green CI 61565']",SESA – indyjski olejek na porost włosów,E
0,"['Aqua', 'Cetearyl Alcohol', 'Myristyl Alcohol', 'Cetrimonium Chloride', 'Propylene Glycol', 'Hydrolyzed Vegetable Protein', 'Lawsonia Inermis (Henna) Leaf Extract', 'Hydrogenated Castor Oil', 'Parfum', 'Citric Acid', 'Magnesium Chloride', 'Magnesium Nitrate', 'Methylchloroisothiazolinone', 'Methylisothiazolinone', 'Amyl Cinnamal', 'Buthylphenyl Methylpropional', 'Limonene', 'Linalool']",DABUR VATIKA TROPIKALNY KOKOS – maska do włosów bez objętości,P
1,"['Aqua', 'Cetearyl Alcohol', 'Behentrimonium Chloride', 'PPG-3 Benzyl Ether\xa0Myristate', 'Hydrolyzed Pea Protein', 'Hydrolyzed Vegetable Protein PG-Propyl Silanetriol', 'Hydroxypropyltrimonium Hydrolyzed Wheat Protein', 'Camellia Sinensis (Green Tea) Leaf Extract', 'Cetrimonium Chloride', 'Starch Hydroxypropyltrimonium Chloride', 'Phenoxyethanol', 'Benzoic Acid', 'Dehydroacetic Acid', 'Parfum', 'Limonene']",Anwen Mała Odżywka Proteinowa Zielona Herbata- odżywka do włosów o średniej porowatości,P
2,"['Aqua', 'Cetearyl Alcohol', 'Behentrimonium Chloride', 'PPG-3 Benzyl Ether\xa0Myristate', 'Hydrolyzed Pea Protein', 'Hydrolyzed Vegetable Protein PG-Propyl Silanetriol', 'Hydroxypropyltrimonium Hydrolyzed Wheat Protein', 'Camellia Sinensis (Green Tea) Leaf Extract', 'Cetrimonium Chloride', 'Starch Hydroxypropyltrimonium Chloride', 'Phenoxyethanol', 'Benzoic Acid', 'Dehydroacetic Acid', 'Parfum', 'Limonene']",ANWEN Proteinowa Zielona Herbata – odżywka do włosów o średniej porowatości,P
3,"['Aqua', 'Cetearyl Alcohol', 'Behentrimonium Chloride', 'PPG-3 Benzyl Ether\xa0Myristate', 'Hydrolyzed Milk Protein', 'Hydrolyzed Oats', 'Hydrolyzed Keratin', 'Cetrimonium Chloride', 'Starch Hydroxypropyltrimonium Chloride', 'Phenoxyethanol', 'Benzoic Acid', 'Dehydroacetic Acid', 'Parfum']",Anwen MAŁA Odżywka Proteinowa Magnolia – do włosów o średniej porowatości,P
4,"['Aqua', 'Cetearyl Alcohol', 'Behentrimonium Chloride', 'PPG-3 Benzyl Ether\xa0Myristate', 'Hydrolyzed Milk Protein', 'Hydrolyzed Oats', 'Hydrolyzed Keratin', 'Cetrimonium Chloride', 'Starch Hydroxypropyltrimonium Chloride', 'Phenoxyethanol', 'Benzoic Acid', 'Dehydroacetic Acid', 'Parfum']",ANWEN Proteinowa Magnolia – odżywka do włosów o średniej porowatości,P
5,"['Aqua', 'Cetearyl Alcohol', 'Behentrimonium Chloride', 'PPG-3 Benzyl Ether\xa0Myristate', 'Hydrolyzed Pea Protein', 'Keratin', 'Hydrolyzed Keratin', 'Collagen', 'Hydrolyzed Elastin', 'Cetrimonium Chloride', 'Starch Hydroxypropyltrimonium Chloride', 'Phenoxyethanol', 'Benzoic Acid', 'Dehydroacetic Acid', 'Parfum', 'Butylphenyl\xa0Methylpropional', 'Benzyl salicylate', 'Coumarin', 'Limonene', 'Geraniol', 'Linalool', 'Hexyl Cinnamal']",ANWEN Proteinowa Orchidea – odżywka do włosów o wysokiej porowatości,P
6,"['Aqua', 'Cetearyl Alcohol', 'Behentrimonium Chloride', 'PPG-3 Benzyl Ether\xa0Myristate', 'Hydrolyzed Pea Protein', 'Keratin', 'Hydrolyzed Keratin', 'Collagen', 'Hydrolyzed Elastin', 'Cetrimonium Chloride', 'Starch Hydroxypropyltrimonium Chloride', 'Phenoxyethanol', 'Benzoic Acid', 'Dehydroacetic Acid', 'Parfum', 'Butylphenyl\xa0Methylpropional', 'Benzyl salicylate', 'Coumarin', 'Limonene', 'Geraniol', 'Linalool', 'Hexyl Cinnamal']",Anwen MAŁA Odżywka Proteinowa Orchidea – odżywka do włosów o wysokiej porowatości,P
0,"['Panthenol', 'Aqua']",Calaya D-pantenol w roztworze wodnym 75% – nawilżający półprodukt do mgiełek i odżywek DIY,H
1,"['Propylene Glycol', 'Aqua', 'Rubus Idaeus (Raspberry) Fruit Extract', 'Phenoxyethanol', 'Methylparaben']",Calaya – płynny ekstrakt z maliny,H
2,"['Aqua', 'Urea', 'Propylene Glycol', 'Glycerin', 'Biosaccharide Gum-1', 'Sodium Lactate', 'Lactic Acid', 'L-Arginine', 'Hydroxyethylcellulose']",Cerkogel 30% – keratolityczny żel mocznikowy do peelingu skóry głowy,H
3,"['Aqua (Water)', 'Glycerin', 'Emblica Officinalis (Amla) Fruit Extract', 'Betaine', 'Cetrimonium Chloride', 'Inulin', 'Panthenol', 'Guar Hydroxypropyltrimonium Chloride', 'Ubiquinone\xa0(coenzyme Q10)', 'Tocopherol Acetate (Vitamin E)', 'Perfume', 'Benzyl Alcohol', 'Caprylyl Glycol', 'C12-C15 Alkyl Benzoate', 'Sodium Benzoate', 'Potassium Sorbate']","Eco Laboratorium – serum do włosów, mgiełka, ochrona koloru, indyjska amla",H
4,['Alcea Rosea Nigra Flower'],"Dary Natury – kwiat czarnej malwy, na kojące płukanki DIY",H
5,"['Glycerin', 'Aqua', 'Pyrus Malus Fruit Extract', 'Potassium Sorbate', 'Sodium Benzoate']",Calaya – płynny ekstrakt z jabłka,H
6,"['Aqua', 'Glycerin', 'Carbomer', 'Aminomethyl Propanol', 'Polysorbate-20', 'Phenoxyethanol', 'Polyvinylpyrrolidone', 'Parfum', 'Ethylhexylglycerin', 'Tetrasodium EDTA', 'Hydrolyzed Wheat Protein', 'Sodium Hydroxide', 'Sodium Glycolate', 'Cocos Nucifera (Coconut) Oil', 'Linum Usitatissimum (Linseed) Seed Oil', 'Potassium Sorbate']",AUNT JACKIE’S CURL BOSS COCONUT CURLING GELÉE – żel do stylizacji fal i loków,H
7,"['Water (Aqua/Eau)', 'Glycerin', 'Carbomer', 'Aminomethyl Propanol (Water Soluble)', 'Phenoxyethanol', 'Polyvinylpyrrolidone', 'Polysorbate-20', 'Hydrolyzed Wheat Protein', 'Parfum', 'Ethylhexylglycerin', 'Tetrasodium EDTA', 'Sodium Hydroxide', 'Sodium Glycolate', 'Potassium Sorbate', 'Linum Usitatissimum (Linseed) Seed Oil', 'Tocopherol', 'Limonene', 'Hexyl Cinnamal', 'Linalool', 'Amyl Cinnamal', 'Buthylphenyl Methylpropional']",AUNT JACKIE’S DON’T SHRINK FLAXSEED ELONGATING CURLING GEL – utrwalający żel do fal i loków z olejem lnianym24,H
8,"['Citrus Aurantium Dulcis Fruit Water', 'Aqua', 'Nicotinicum Acid', 'Aloe Barbadensis (Aloe Vera) Leaf Extract', 'Chamomilla Recuitita (Matricaria) Flower Extract', 'Salvia Officinalis (Sage) Oil', 'Hyaluronic Acid', 'Sharomix']","DNC – łagodny, nawilżający tonik na porost i przeciw łupieżowi, z kwasem nikotynowym (wit. B3) i hydrolatem pomarańczowym",H
9,"['Citrus Aurantium Amara Flower Water', 'Aqua', 'Sodium Hyaluronate', 'Glycerin', 'Citrus Aurantium Dulcis (Orange) Fruit Extract', 'Hydrolyzed Keratin', 'Hydrolyzed Vegetable Protein', 'Hydrolyzed Collagen', 'Hydrolyzed Silk', 'Leuconostoc/Radish Root Ferment Filtrate', 'Hydrolyzed Elastin', 'Cetrimonium Chloride']","DNC – hialuronowy “wypełniacz” do włosów, dodatek do odżywek DIY: keratyna, jedwab, kolagen i proteiny roślinne z nutą pomarańczy",H
10,"['Aqua', 'Kalanchoe Pinnata Leaf Extract', 'Aloe Barbadensis (Aloe Vera) Leaf Extract', 'Glycerin', 'DMDM Hydantoin']","GorVita – żyworódka w płynie, nawilżająca mgiełka z aloesem",H
11,"['Lavandula Angustifolia (Lavender) Flower Water', 'Equisetum Arvense (Horsetail) Herbs Extract', 'Urtica Dioica (Nettle) Leaf Extract', 'Salvia Officinalis (Sage) Leaf Extract', 'Aloe Barbadensis (Aloe Vera) Leaf Juice', 'Panthenol (Pro-Vitamin B5)', 'Glycerin', 'Citric Acid', 'Citrus Grandis (Grapefruit) Seed Extract']","KINKY CURLY SPIRAL SPRITZ, NATURAL STYLING SERUM – serum do stylizacji",H
12,"['Aqua with infusions of:', 'Melia Azadirachta (Neem) Seed Oil', 'Centella Asiatica Leaf Extract', 'Euterpe Oleracea (Acai) Fruit Extract', 'Juniperus Communis Fruit Extract', 'Bambusa Vulgaris Leaf/Stem Extract', 'Cetearyl Alcohol', 'Glyceryl Stearate', 'Hydroxypropyltrimonium Chloride', 'Dicaprylyl Ether', 'Citric Acid', 'Organic Santalum Album (Sandalwood) Oil', 'Cedrus Atlantica Bark Oil', 'Benzyl Alcohol', 'Benzoic Acid', 'Sorbic Acid', 'CI 77019', 'CI 77891']","PLANETA ORGANICA MASKA DO WŁOSÓW ZŁOTA AJURWEDYJSKA – GĘSTOŚĆ I WZROST Humektantowa, nawilżająca",H
13,"['Aqua', 'Glycerin', 'Cetearyl Alcohol', 'Propanediol', 'behentrimonium methosulfate', 'Stearyl Alcohol', 'Butyrospermum Parkii (Shea) Butter', 'Polyquaternium-11', 'Fragrance (Parfum)', 'Cetyl Alcohol', 'Polyquaternium-10', 'Phenoxyethanol', 'Polysorbate-20', 'Glycine Soja (Soybean) Seed Oil', 'Olea Europaea (Olive) Fruit Oil', 'Ethylhexylglycerin', 'Silk Amino Acids', 'Canola Oil', 'Aloe Barbadensis (Aloe Vera) Leaf Juice', 'Hydrolyzed Silk', 'Lonicera Caprifolium (Honeysuckle) Flower Extract', 'Macrocystis Pyrifera (Kelp) Extract', 'Salvia Officinalis (Sage) Leaf Extract', 'Vitis Vinifera (Grape) Seed Extract', 'Urtica Dioica (Nettle) Leaf Extract', 'Cocos Nucifera (Coconut) Fruit Extract', 'Persea Gratissima (Avocado) Seed Oil', 'Prunus Amygdalus Dulcis (Sweet Almond) Oil', 'Simmondsia Chinensis (Jojoba) Seed Oil', 'Mangifera Indica (Mango) Seed Butter', 'Argania Spinosa Kernel Oil', 'Melia Azadirachta (Neem) Seed Oil', 'Daucus Carota Sativa (Carrot) Seed Oil', 'Macadamia Ternifolia Seed Oil', 'Mangifera Indica (Mango) Seed Oil', 'Vitis Vinifera (Grape) Seed Oil', 'Benzyl Benzoate', 'Coumarin', 'Hexyl Cinnamal']",CANTU CURL ACTIVATOR CREAM – Aktywator skrętu,H
14,"['Aqua', 'Glycerin', 'Vinegar', 'Polysorbate-20', 'Polyquaternium-6', 'Moringa Oleifera Seed Extract', 'Polyquaternium-70', 'Prinus Armeniaca Fruit Extract', 'Prunus Persica (Peach) Fruit Extract', 'Pyrus Malus Fruit Extract', 'Pyrus Malus Juice', 'Prunus Persica Juice', 'Triticum Vulgare Seed Extract', 'Hordeum Vulgare Seed Extract', 'Panax Ginseng root Extract', 'Propanediol', 'Phenoxyethanol', 'Caprylyl Glycol', 'Glyceryl Caprylate', 'Glyceryl Undecylenate', 'Polysorbate 80', 'Potassium Sorbate', 'Sodium Benzoate', 'Dipropylene Glycol', 'Parfum', 'Citric Acid', 'Geraniol', 'Limonene', 'Linalool', 'Alpha Isomethyl Ionone']",SESSIO DETOX SPRAY – nawilżająco-wygładzająca mgiełka z octem,H
15,"['Aqua', 'Myristyl Alcohol', 'Behenamidopropyl Dimethylamine', 'Zeolite', 'Undaria Pinnatifida Extract', 'Fucus Vesiculosus Extract', 'Ilex Paraguariensis Leaf Extract', 'Melissa Officinalis Leaf Extract', 'Nelumbo Nucifera (Lotos) Flower Extract', 'Cucumis Sativus (Cucumber) Fruit Extract', 'Himanthalia Elongata Extract', 'HYDROLYZED ADANSONIA DIGITATA SEED EXTRACT (BAOBAB EXTRACT)', 'Betaine', 'Proline', 'Serine', 'Inositol', 'Fructose', 'Glycine', 'Niacinamide', 'Urea', 'Sodium PCA', 'Glycerin', 'Panthenol', 'Sodium Benzoate', 'Sodium Dehydroacetate', 'Sodium Lactate', 'Lactic Acid', 'Benzyl Alcohol', 'Citronellol', 'Geraniol', 'Citric Acid', 'Parfum']","Maternatura Urban Protection – oczyszczająca odżywka zeolitowa, algi, lotos, yerba i baobab",H
16,"['Simmondsia Chinensis (Jojoba) Seed Oil', 'Water (Aqua)', 'Glycerin', 'Carboxymethylcellulose', 'Fragrance (Parfum)', 'Butyrospermum Parkii (Shea) Butter', 'Pectin', 'Cocos Nucifera (Coconut) Oil', 'Aloe Barbadensis (Aloe Vera) Leaf Juice', 'Glycine Soja (Soybean) Seed Oil', 'Prunus Amygdalus Dulcis (Sweet Almond) Oil', 'Persea Gratissima (Avocado) Seed Oil', 'Olea Europaea (Olive) Fruit Oil', 'Mangifera Indica (Mango) Seed Oil', 'Argania Spinosa (Argan) Kernel Oil', 'Melia Azadirachta (Neem) Seed Oil', 'Daucus Carota Sativa (Carrot) Seed Oil', 'Mangifera Indica (Mango) Seed Butter', 'Vitis Vinifera (Grape) Seed Extract', 'Canola Oil', 'Lonicera Japonica (Honeysuckle) Flower Extract', 'Laminara Cloustoni (Sea Kelp) Extract', 'Salvia Officinalis (Sage) Leaf Extract', 'Macadamia Ternifolia Seed Oil', 'Vitis Vinifera (Grape) Seed Oil', 'Urtica Dioica (Nettle) Leaf Extract', 'Hydrolyzed Silk', 'Silk Amino Acids', 'Althaea Officinalis (Marshmallow) Root Extract', 'Chamomilla Recuitita (Matricaria) Flower Extract', 'Equisetum Arvense (Horsetail) Herbs Extract', 'Agave Rigida (Sisal) Extract', 'Phenoxyethanol', 'Ethylhexylglycerin']",CANTU DEFINE SHINE CUSTARD – krem stylizujący do zwiększenia definicji,H
17,"['Water (Aqua)', 'Glycerin', 'VP/VA copolymer', 'Propanediol', 'Pvp', 'PEG-40 Hydrogenated Castor Oil', 'Lactobacillus/Tomato Fruit Ferment Extract', 'Oryza Sativa (Rice) Extract', 'Keratin Amino Acids', 'Leuconostoc/Radish Rootferment Filtrate', 'Acyl Coenzyme A Desaturase (SCD-1)', 'Acrylates/C10-30 Alkyl Acrylate Crosspolymer', 'Fragrance (Parfum)', 'Disodium Edta', 'Phenoxyethanol', 'Ethylhexylglycerin', 'Sodium Hydroxide']",NOT YOUR MOTHER’S CURL TALK FRIZZ CONTROL SCULPTING GEL – mocny nawilżający żel definiujący i utrzymujący skręt,H
18,"['Propylene Glycol', 'Aqua', 'Sodium PCA', 'Glucose', 'Urea', 'Glutamic Acid', 'Lysine', 'Glycine', 'Allantoin', 'Lactic Acid']",Calaya – NMF naturalny czynnik nawilżający,H
19,['Agar'],"Dary Natury, agar-agar, do wegańskiego, nawilżającego zabiegu “laminowania” włosów",H
20,['Rosa Flower Petals'],"Dary Natury – suszone, EKO płatki róży, ukojenie i nawilżenie dla podrażnionej skóry",H
21,"['Aqua', 'Cetearyl Alcohol', 'Glycerin', 'Behentrimonium Chloride', 'Cetrimonium Chloride', 'Hydroxyethylcellulose', 'Cetrimonium Bromide', 'Whey', 'Scutellaria Baicalensis Root Extract', 'Cetraria Nivalis Extract', 'Aralia Mandshurica Root Extract', 'Organic Rhodiola Rosea Root Extract', 'Alnus Glutinosa Extract', 'Benzyl Alcohol', 'Sorbic Acid', 'Benzoic Acid', 'Citric Acid', 'Parfum']",BANIA AGAFII OCHRONA WŁOSÓW FARBOWANYCH – pielęgnacyjny balsam do włosów,H
22,"['Water (Aqua/Eau)', 'Pvp', 'Glycerine', 'PPG-5-Ceteth-20', 'Sorbitol', 'Butyrospermum Parkii (Shea) Butter', 'Carbomer', 'Hydroxyethylcellulose', 'Fragrance', 'Propylene Glycol', 'peg-180', 'peg-90m', 'Sodium Hydroxide', 'Tetrasodium EDTA', 'Chlorphenesin', 'Phenoxyethanol', 'Ethylhexylglycerin']",CANTU STAY GLUE MEGA HOLD STYLING GEL – mocny żel do stylizacji włosów kręconych,H
23,"['Aqua', 'Urea', 'Glycerin', 'Sodium Chloride', 'Sodium Lactate', 'Hydroxyethylcellulose', 'Niacinamide', 'Lactic Acid']",Cerkogel 40 % – keratolityczny żel mocznikowy do peelingu skóry głowy,H
24,['Helichrysum Italicum Flower Water'],Natura Receptura – wzmacniający hydrolat z kwiatów kocanki,H
25,['Rosa Alba Flower Powder'],"Hesh – puder z płatków róży, delikatny peeling i nawilżająca maseczka DIY na włosy i skórę głowy",H
26,['Adansonia Digitata (Baobab) Fruit Powder'],"Phitofilos, I sepmlici – nawilżający owoc baobabu",H
27,"['Sodium Hyaluronate', 'Aqua', 'Hyaluronic Acid', 'Phenoxyethanol', 'Ethylhexylglycerin']","Natura Receptura – nawilżający kwas hialuronowy w żelu, potrójny, 1%",H
28,"['Aqua', 'Glycerin', 'Propanediol', 'Panthenol', 'Aloe Barbadensis (Aloe Vera) Leaf Extract', 'Ginkgo Biloba Leaf Extract', 'Hydroxyethylcellulose', 'Sodium Alginate', 'Allantoin', 'Lavandula Officinalis (Lavender) Flower Essential Oil', 'Citrus Aurantium Dulcis Oil', 'Pelargonium Graveolens Oil', 'Rosmarinus Officinalis (Rosemary) Leaf Essential Oil', 'Benzyl Alcohol', 'Dehydroacetic Acid', 'Limonene', 'Linalool', 'Citronallol', 'Geraniol']","Sylveco, Aloesove – nawilżający, kojący żel do włosów i skóry głowy: aloes, ginkgo biloba i alantoina",H
29,['Camellia Sinensis (Green Tea) Leaf Floral Water'],Your Natural Side – kojący hydrolat z zielonej herbaty,H
30,"['Aqua', 'Polyquaternium-11', 'Glycerin', 'Xanthan Gum', 'Ricinus Communis (Castor) Seed Oil', 'Polysorbate-20', 'Fragrance', 'Phenoxyethanol', 'Benzyl Alcohol', 'Potassium Sorbate', 'Tocopherol Acetate (Vitamin E)', 'Panthenol']",MIXED CHICKS Curl Sculptor – lekki definiujący krem do stylizacji z panthenolem,H
31,"['Water (Aqua)', 'Carbomer', 'Glycerin', 'Pvp', 'polysobate -20', 'sodium hydroxy methyl glycinate', 'Cannabis Sativa (Hemp) Seed Oil', 'Triethanolamine', 'EDTA', 'Olea Europaea (Olive) Fruit Oil', 'Ricinus Communis (Castor) Seed Oil', 'mica', 'titanium dioxide and iron oxide', 'FD & C yellow 5 (CI 19140)', 'Fragrance (Parfum)', 'benzil benzoate', 'Citral', 'd-Limonene', 'Hexyl Cinnamal', 'Lilial', 'Linalool', 'methyl lonone gamma']",ECO STYLE CANNABIS SATIVA OIL STYLING GEL – żel stylizujący,H
32,"['Aqua', 'Panax Ginseng Extract', 'Argania Spinosa Kernel Oil', 'Theobroma Cacao (Cocoa) Seed Butter', 'Glycerin', 'Behenamidopropyl Dimethylamine', 'Hibiscus Flower Extract', 'Glyceryl Monostearate', 'Aesculus Hippocastanum Extract', 'Glyceryl Stearate SE', 'Cananga Odorata (Ylang Ylang) Flower Essential Oil', 'Perfume', 'Lactic Acid', 'Benzoic Acid', 'Sorbic Acid', 'Dehydroacetic Acid', 'Benzyl Alcohol']",ECO LABORATORIE ARGAN SPA GŁĘBOKIE ODŻYWIENIE I BLASK – odbudowa maska do włosów zniszczonych i farbowanych,H
33,"['Aqua', 'Aloe Barbadensis (Aloe Vera) Leaf Juice', 'Cetearyl Alcohol', 'Behentrimonium Chloride', 'Glycerin', 'Polyglyceryl-3 PCA', 'Rose Extract', 'Glycyrrhiza Glabra (Licorice) Root Extract', 'Cichorium Intybus (Chicory) Leaf Extract', 'Hydrolyzed Rhodophyceae Extract', 'Panthenol', 'Linoleic Acid', 'Menthol', 'Biotin', 'Lactic Acid', 'Citrus Aurantifolia Extract', 'Cymbopogon Flexuosus (Lemongrass) Leaf Extract', 'Parfum', 'Tetrasodium Glutamate Diacetate', 'Dehydroacetic Acid', 'Benzyl Alcohol', 'Potassium Sorbate', 'Sodium Benzoate']",YOPE ŚWIEŻA TRAWA – nawilżająca odżywka do włosów,H
34,"['Sodium Hyaluronate', 'Aqua', 'Hyaluronic Acid', 'Phenoxyethanol', 'Ethylhexylglycerin']","Natura Receptura – nawilżający kwas hialuronowy w żelu 3%, potrójny, 10 ml",H
35,"['Aqua', 'Butyrospermum Parkii (Shea) Butter', 'Orchis Mascula (Orchid) Flower Extract', 'Vegetable Glycerin', 'Cetearyl Alcohol', 'Behentrimonium Chloride', 'Caprylic/Capric Triglyceride', 'Vitis Vinifera (Grape) Seed Oil', 'Panthenol', 'Cyclopentasiloxane', 'Dimethiconol', 'Benzyl Alcohol', 'Ethylhexylglycerin', 'Perfume', 'Hydroxyethylcellulose', 'Polyquaternium-10', 'Citric Acid']",CAFE MIMI AKTYWACJA WZROSTU – maska do włosów z orchideą,H
36,"['Water', 'Glycerin', 'hydrolyzed corn starch', 'Polysorbate-20', 'chondrus (seaweed) crispus', 'Honey', 'Prunus Amygdalus Dulcis (Sweet Almond) Oil', 'Butyrospermum Parkii (Shea) Butter', 'Glucose', 'Hydroxyethylcellulose', 'xantahn gum', 'Pectin', 'diazolidynyl urea', 'Fragrance', 'Tocopheryl Acetate', 'Benzyl Benzoate', 'iodopropynyl butylcarbamate']",BIOCARE CURLS AND NATURALS CURL DEFINING CUSTARD – żel do stylizacji,H
37,"['Aqua', 'Hamamelis Virginiana Leaf Floral Water', 'Panthenol', 'Allantoin', 'PEG-25 Hydrogenated Castor Oil', 'Sodium Hydroxide', 'Phenoxyethanol', 'Ethylhexylglycerin', 'Parfum', 'CI 19140']",Fitomed – nawilżająca mgiełka oczarowa,H
38,"['Aqua', 'Glycerin', 'Glyceryl Acrylate/Acrylic Acid Copolymer', 'Aloe Barbadensis (Aloe Vera) Leaf Juice', 'Pectin', 'Betaine', 'Emblica Officinalis Fruit Powder', 'Acacia Concinna Fruit Powder', 'Tocopheryl Acetate', 'Fragrance (Parfum)', 'Linum Usitatissimum (Linseed) Seed Extract', 'Carbomer', 'PPG-5-Ceteth-20', 'Aminomethyl Propanol', 'Polyquaternium-11', 'Caprylyl Glycol', 'Phenoxyethanol', 'Potassium Sorbate', 'Coumarin', 'Limonene']",AS I AM COIL DEFINING JELLY – żel do stylizacji,H
39,"['Aqua', 'Vaccinium Angustifolium Fruit Extract', 'Cocos Nucifera (Coconut) Oil', 'Vegetable Glycerin', 'Cetearyl Alcohol', 'Caprylic/Capric Triglyceride', 'Behentrimonium Chloride', 'Behenamidopropyl Dimethylamine', 'Benzyl Alcohol', 'Ethylhexylglycerin', 'Perfume', 'Dipropylene Glycol', 'Polysilicone-29', 'Hydroxyethylcellulose', 'Panthenol', 'Hydroxypropyl Guar Hydroxypropyltrimonium Chloride', 'Lactic Acid']",CAFE MIMI ODŻYWIENIE I REGENERACJA – maska do włosów zniszczonych i farbowanych,H
40,"['Aqua', 'Rosa Damascena Petal Flower Water', 'Panthenol', 'Allantoin', 'Aniba Rosaeodora Essential Oil', 'PEG-40 Hydrogenated Castor Oil', 'Sodium Hydroxide', 'Phenoxyethanol', 'Ethylhexylglycerin', 'CI 16255', 'CI 42090']",Fitomed – nawilżająca mgiełka różana,H
41,"['Aqua', 'Lavandula Angustifolia (Lavender) Flower Extract', 'Panthenol', 'Allantoin', 'Lavandula Angustifolia Flower Oil', 'PEG-40 Hydrogenated Castor Oil', 'Sodium Hydroxide', 'Phenoxyethanol', 'Ethylhexylglycerin', 'CI 42090', 'CI 16255']","Fitomed – lawendowa mgiełka nawilżająca pod olej, z pantenolem i alantoiną",H
42,"['Aqua', 'Sodium PCA', 'Betaine', 'Sorbitol', 'Glycine', 'Alanine', 'Proline', 'Serine', 'Threonine', 'Arginine', 'Lysine', 'Glutamic Acid', 'Pelos', 'Tocopheryl Acetate', 'Tilia Cordata Leaf Extract', 'Urtica Dioica (Nettle) Leaf Extract', 'Aesculus Hippocastanum Leaf Extract', 'Calendula Offi\xadci\xadna\xadlis (Marigold) Flower Ex\xadtract', 'Arctium Lappa (Burdock) Root Extract', 'Melissa Officinalis Leaf Extract', 'Panicum Miliaceum Seed Extract', 'Viola Tricolor Flower Extract', 'Calluna Vulgaris Herb Extract', 'Saponaria Officinalis Root Extract', 'Rosmarinus Officinalis (Rosemary) Leaf Extract', 'Lavandula Officinalis (Lavender) Flower Essential Oil', 'PEG-40 Hydrogenated Castor Oil', 'PEG-7 Glyceryl Cocoate', 'Butyrospermum Parkii (Shea) Butter', 'Tetrasodium EDTA', 'Methylchloroisothiazolinone', 'Methylisothiazolinone', 'Citric Acid', 'CI 19140', 'CI 42090', 'CI 15985']",FRATTI ANTYOKSYDACYJNY SPRAY – mgiełka do włosów na bazie szungitu,H
43,['Althaea Officinalis (Marshmallow) Root Powder'],"Phitofilos, I semplici – Altea, nawilżający prawoślaz",H
44,"['Aqua', 'Simmondsia Chinensis (Jojoba) Seed Oil', 'Glycerin', 'Propylene Glycol', 'Butylene Glycol', 'Cetearyl Alcohol', 'Behentrimonium Chloride', 'Cetyl Alcohol', 'Parfum', 'Polyquaternium-11', 'Pvp', 'Polyquaternium-10', 'Hydroxyethylcellulose', 'Argania Spinosa (Argan) Kernel Oil', 'Cocos Nucifera (Coconut) Oil', 'Mangifera Indica (Mango) Seed Oil', 'Butyrospermum Parkii (Shea) Butter', 'Prunus Amygdalus Dulcis (Sweet Almond) Oil', 'Persea Gratissima (Avocado) Seed Oil', 'Olea Europaea (Olive) Fruit Oil', 'Sodium acetate', 'Isopropyl alcohol', 'Benzyl Benzoate', 'Limonene', 'Linalool', 'Phenoxyethanol', 'Benzyl Alcohol']",CREME OF NATURE MOISTURE & SHINE CURL ACTIVATOR CREME – aktywator skrętu z olejem arganowym,H
45,['Laminaria Digitata Powder'],"Calaya – mikronizowane algi Laminaria digitata, nawilżające",H
46,['Rosa Damascena Petal Flower Water'],Your Natural Side – wzmacniający hydrolat z róży damasceńskiej,H
47,"['Aqua', 'Cetearyl Alcohol', 'Glycerin', 'Behentrimonium Chloride', 'Cetrimonium Chloride', 'Hydroxyethylcellulose', 'Cetrimonium Bromide', 'Organic Amaranthus Caudatus Seed Oil', 'Organic Oxycoccus Palustris Seed Oil', 'Organic Primula Vulgaris Oil', 'Organic Panax Ginseng Oil', 'Organic Pulmonaria Officinalis Oil', 'Pinus Palustris Essential Oil', 'Linum Usitatissimum (Linseed) Seed Oil', 'Benzyl Alcohol', 'Sorbic Acid', 'Benzoic Acid', 'Citric Acid', 'Parfum']",BANIA AGAFII ODŻYWCZO-REGENERACYJNY BALSAM – do włosów cienkich,H
48,['Tilia Flower Herbs'],"Dary Natury – kwiat lipy, na nawilżające płukanki DIY",H
49,"['Glycerin', 'Water (Aqua/Eau)', 'Butylene Glycol', 'PEG-8', 'PPG-5-Ceteth-20', 'Parfum', 'Phenoxyethanol', 'Carbomer', 'Aminomethyl Propanol (Water Soluble)', 'Butyrospermum Parkii (Shea) Butter', 'Argania Spinosa Kernel Oil', 'Simmondsia Chinensis (Jojoba) Seed Oil', 'Tocopheryl Acetate', 'ALEURITES MOLUCCANA (KUKUI) SEED OIL']",CANTU Dry Deny Moisture Seal Gel Oil – wygładzające serum do końcówek,H
50,"['Octyldodecanol', 'Shea Butter Ethyl Esters', 'Salvia Officinalis (Sage) Leaf Extract', 'Organic Ginkgo Biloba Extract', 'Isododecane and Hydrogenerated Tetradecenyl/Methylpentadecene', 'Aesculus Hippocastanum Extract', 'Zingiber Officinale Extract', 'Aniba Rosaeodora Essential Oil', 'Geranium Essential Oil', 'Tocopherol', 'Perfume', 'Linalool', 'Citronellol', 'Limonene', 'Geraniol', 'Eugenol', 'Citral']",ECO LABORATORIE KARITE SPA – olej fluid do suchych włosów,H
51,"['Aqua', 'Cetearyl Alcohol', 'Glycerin', 'Behenamidopropyl Dimethylamine', 'Isopropyl Palmitate', 'Cucurbita Pepo (Pumpkin) Seed Oil', 'Triticum Vulgare Bran Extract', 'Avena Sativa Kernel Extract', 'Butyrospermum Parkii (Shea) Butter', 'Maltooligosyl Glucoside', 'Hydrogenated Starch Hydrolysate', 'Cetrimonium Chloride', 'Lactic Acid', 'Parfum', 'Sodium Benzoate', 'Potassium Sorbate', 'Limonene', 'Linalool', 'Butylphenyl\xa0Methylpropional']","ELFA PHARM VIS PLANTIS PESTKI DYNI ODŻYWKA DO WŁOSÓW OSŁABIONYCH ZABIEGAMI STYLIZACYJNYMI – humektantowa, nawilżająca z olejem z pestek dyni, pszenicą i owsem",H
52,"['Aqua/Water/Eau', 'Glycerin', 'Hydroxyethylcellulose', 'Betaine', 'Aloe Barbadensis (Aloe Vera) Leaf Extract', 'Sodium Benzoate', 'Potassium Sorbate', 'Erythorbic Acid', 'Citric Acid', 'Pectin', 'Beta Vulgaris (Beet) Root Extract', 'Xanthan Gum', 'Tocopheryl Acetate', 'Fragrance/Parfum (Coumarin)', 'Limonene', 'Phenoxyethanol', 'Caprylyl Glycol']",AS I AM CURLING JELLY CURL AND COIL DEFINER – żel do stylizacji,H
53,"['Arctium Lappa Root (Burdock) Powder', 'Taraxacum Officinale Root Powder', 'Camellia Sinensis Leaf Powder', 'Achillea Millefolium Flower Powder', 'Althaea Officinalis (Marshmallow) Root Powder', 'Tussilago Farfara Leaf Powder']","Phitofilos, Arte D’Erbe, Impacco Seboequilibrante – mieszanka ziół, redukcja przetłuszczania i wzmocnienie włosów",H
54,['Citrus Aurantifolia Flower Water'],Natura Receptura – odświeżający hydrolat neroli – z kwiatów gorzkiej pomarańczy,H
55,"['Aloe Barbadensis (Aloe Vera) Leaf Juice', 'Aqua', 'Macadamia Ternifolia Seed Oil', 'Persea Gratissima (Avocado) Seed Oil', 'Simmondsia Chinensis (Jojoba) Seed Oil', 'Prunus Amygdalus Dulcis (Sweet Almond) Oil', 'Ricinus Communis (Castor) Seed Oil', 'behenetrimonium methosulfate and cetearyl alcohol(BTMS)', 'Camellia Sinensis (Green Tea) Leaf Extract', 'Panthenol (Vitamin B-5)', 'Ulmus Fulva (Slippery Elm) Bark Extract', 'Ascorbic Acid (Vitamin C)', 'Tocopherol Acetate (Vitamin E)', 'phenoxyethanol/caprylyl glycol(optiphen)', 'Sorbic Acid', 'Parfum', 'LOVE']",CAMILLE ROSE NATURALS Aloe Whipped Butter Gel – aksamitny żel do loków i fal,H
56,"['Aqua', 'Illite', 'Rose Clay (Kaolin)', 'Kaolin (White Clay)', 'Cetearyl Alcohol', 'Illite (Olea Clay)', 'Emblica Officinalis (Amla) Fruit Extract', 'Citrus Aurantium Amara (Orange) Flower Extract', 'Prunus Armeniaca (Apricot) Fruit Extract', 'Behentrimonium Chloride', 'Vegetable Glycerin', 'Butyrospermum Parkii (Shea) Butter', 'Caprylic/Capric Triglyceride', 'Rosmarinus Officinalis (Rosemary) Leaf Extract', 'behentrimonium methosulfate', 'Quaternium-87', 'Benzyl Alcohol', 'Ethylhexylglycerin', 'Silk Amino Acids', 'Panthenol', 'Tocopherol Acetate (Vitamin E)', 'Perfume', 'Hydroxyethylcellulose', 'Polyquaternium-10', 'Citric Acid', 'Potassium Sorbate', 'Sodium Benzoate']",CAFE MIMI 3 GLINKI – maska do włosów tłustych u nasady,H
57,['Niacinamide'],"Calaya – niacynamid, nawilżająco-kojąca witamina B3",H
58,['Malva Silvestris Flower'],"Dary Natury – kwiat ślazu dzikiego, na nawilżąjce mgiełki i płukanki",H
59,"['Aqua', 'Cetyl Alcohol', 'Glycerin', 'Coco-Caprylate', 'Zea Mays Starch', 'Illite', 'Panthenol', 'Decyl Glucoside', 'Hydroxyethylcellulose', 'Cocamidopropyl Betaine', 'Olea Europaea (Olive) Fruit Oil', 'Lactic Acid', 'Cyamopsis Tetragonoloba Gum', 'Glyceryl Oleate', 'Mentha Piperita (Peppermint) Leaf Essential Oil', 'Sodium Benzoate', 'Benzyl Alcohol', 'Parfum', 'Limonene', 'Linalool', 'Geraniol', 'Citral', 'Dehydroacetic Acid']",VIANEK LEKKA ODŻYWKA NAWILŻAJĄCA – z glinką zieloną do włosów normalnych i przetłuszczających się,H
60,['Citrus Aurantium Amara Flower Water'],YOUR NATURAL SIDE HYDROLAT Z KWIATÓW GORZKIEJ POMARAŃCZY – do przetłuszczającej się skóry głowy,H
61,"['Aqua (Water)', 'Glycerin', 'Honey', 'Aloe Barbadensis (Aloe Vera) Leaf Juice', 'Acrylates Copolymer', 'Cocos Nucifera (Coconut) Oil', 'Orbignya Oleifera (Babassu) Seed Oil', 'Butyrospermum Parkii (Shea) Butter', 'Maltodextrin/VP Copolymer', 'Althaea Officinalis (Marshmallow) Root Extract', 'Pectin', 'Parfum (Fragrance)', 'Zingiber Offinale (Ginger) Root Oil', 'Carbomer', 'Xanthan Gum', 'Dehydroacetic Acid', 'Benzyl Alcohol']",MIELLE ORGANICS HONEY AND GINGER STYLING – żel do stylizacji,H
62,['Allantoin'],"Calaya – alantoina, nawilża i łagodzi stany zapalne",H
63,"['Aqua', 'Propylene Glycol', 'Fragaria Ananassa Fruit Extract', 'Potassium Sorbate', 'Sodium Benzoate']",Calaya – płynny ekstrakt z truskawki,H
64,['Jasminum Sambac Flower Water'],YOUR NATURAL SIDE HYDROLAT JAŚMINOWY – do problematycznej i przetłuszczającej się skóry głowy,H
65,"['Glycerin', 'Aqua']",YOUR NATURAL SIDE GLICERYNA ROŚLINNA – nawilżająca,H
66,"['Dionized water', 'Pectin', 'Cocos Nucifera (Coconut) Oil', 'Aloe Barbadensis (Aloe Vera) Leaf Juice', 'Panthenol', 'Ricinus Communis (Castor) Seed Oil', 'Althaea Officinalis (Marshmallow) Root Extract', 'agava americana leaf extract', 'Equisetum Arvense (Horsetail) Herbs Extract', 'Urtica Dioica (Nettle) Leaf Extract', 'corn starch', 'Xanthan Gum', 'chondrus (seaweed) crispus', 'Polysorbate-20', 'Tocopherol Acetate (Vitamin E)', 'cyanocobalamin (vitamin b-12)', 'phenoxyethanol (optiphen nd) caprylyl glycol', 'Parfum', 'LOVE']",CAMILLE ROSE NATURALS Curl Maker – definiujący żel do stylizacji loków i fal,H
67,"['Octyldodecanol', 'Macadamia Integrifolia Seed Oil', 'Organic Sophora Japonica Flower Extract', 'Hamamelis Virginiana Leaf Extract', 'Isododecane and Hydrogenerated Tetradecenyl/Methylpentadecene', 'Aesculus Hippocastanum Extract', 'Zingiber Officinale Extract', 'Citrus Aurantium Essential Oil', 'Jasminum Essential Oil', 'Tocopherol', 'Perfume', 'Linalool', 'Citronellol', 'Limonene', 'Geraniol', 'Eugenol', 'Citral']",ECO LABORATORIE MACADAMIA SPA – olej fluid do włosów cienkich i łamliwych,H
68,"['Aqua', 'Hydrolyzed Silk', 'Urtica Dioica (Nettle) Leaf Extract', 'Citrus Medica Limonum (Lemon) Peel Extract', 'Plantain Leaf Extract', 'Betula Pendula Extract', 'Leuconostoc/Radish Root Ferment Filtrate', 'Carbomer', 'Hyaluronic Acid', 'Panthenol']","DNC – jedwab do włosów, objętość, gładkość i regeneracja",H
69,"['Calendula Officinalis Flower', 'Centaurea Cynanus Flower Herbs', 'Chamomilla Recutita Flower Herbs', 'Malva Silvestris Flower', 'Verbascum Flower', 'Alcea Flower', 'Tilia Flower Herbs', 'Helichrysum Flower', 'Fragaria Leaf', 'Hibiscus Flower Petal Herb']","Dary Natury, Domowy Zielnik, Bukiet Kwiatowy – mieszanka ziół kojąco-nawilżających z nagietkiem, chabrem, rumiankiem i malwą",H
70,['Sambucus Nigra Flower'],"Dary Natury – kwiat bzu czarnego, na nawilżajce mgiełki i płukanki",H
71,"['Nasturtium Officinale Powder', 'Panicum Miliaceum Powder', 'Equisetum Arvense Leaf Powder', 'Medicago Sativa Powder', 'Althaea Officinalis (Marshmallow) Root Powder', 'Trigonella Foenum Graecum Seed Powder', 'Betula Alba Powder']","Phitofilos, Arte D’Erbe, Impacco Rinforzante – mieszanka ziół wzmacniających i na porost włosów",H
72,['Aloe Barbadensis (Aloe Vera) Leaf Juice'],Calaya – nawilżajacy sok z aloesu,H
73,"['Aqua', 'Propylene Glycol', 'Sorbitol', 'Panthenol', 'Aloe Barbadensis (Aloe Vera) Leaf Juice', 'Carbomer', 'Tetrasodium EDTA', 'Triethanolamine', 'Polysorbate-20', 'Phenoxyethanol', 'Fragrance', 'Lilial', 'Linalool', 'd-Limonene']",ECO NATURAL CONDITIONING CURL ACTIVATOR WITH ALOE VERA & PANTHENOL – żel aktywator skrętu 476 ml,H
74,['Rosa Damascena Flower Powder'],"Phitofilos I Semplici – puder z płatków róży damasceńskiej, delikatny peeling i ukojenie dla wrażliwej skóry głowy",H
75,"['Centaurea Cynanus Flower Herbs', 'Viola Flower', 'Taraxacum Officinale Root', 'Achillea Milefolium Flower', 'Sambucus Nigra Flower', 'Urtica Dioica (Nettle) Leaf', 'Ribes Nigrum Leaf', 'Potentilla Herbs', 'Helichrysum Flower']","Dary Natury, seria Domowy Zielnik, Ziołowy Detox – wielofunkcyjna mieszanka ziół pielęgnujących w ozdobnym opakowaniu",H
76,"['Plantago Lanceolata Powder', 'Althea Officinalis Powder', 'Medicago Sativa Powder', 'Linum Usitatissimum Powder', 'Hordeum Powder', 'Avena Sativa Powder']","Phitofilos, Arte D’Erbe, Impaco Emolliente – mieszanka ziół nawilżających + proteiny roślinne",H
77,"['Aqua', 'Aloe Barbadensis (Aloe Vera) Leaf Juice', 'Brassica Alcohol', 'Polyglyceryl-4 Stearate', 'Glycerin', 'Parfum', 'Inulin', 'Potassium Olivate', 'Glyceryl Olivate Oleate Estolides', 'Tetradecane', 'Opuntia Ficus-Indica (Prickly Pear) Seed Oil', 'Opuntia Ficus-Indica Stem Extract', 'Hydrogenated Olive Oil Unsaponifiables', 'Olea Europaea (Olive) Fruit Oil', 'Hydrolyzed Vegetable Protein', 'Bisabolol', 'Sodium Anisate', 'Tocopherol', 'Helianthus Annuus (Sunflower) Seed Oil', 'Alpha-Glucan Oligosaccharide', 'Geraniol', 'Linalool', 'Limonene', 'Citronellol']","Pierpaoli – certyfikowana, prebiotyczna odżywka do włosów PEH, z inuliną, opuncją i aloesem",H
78,['Aloe Barbadensis (Aloe Vera) Leaf Juice'],YOUR NATURAL SIDE ALOES – nawilżający koncentrat soku z liści,H
79,['Chitozan'],"Calaya – chitosan do odżywek DIY, nawilża i regeneruje włosy",H
80,['Glycyrrhiza Glabra Root'],"Dary Natury – nawilżający korzeń lukrecji, źródło saponin",H
81,"['Natural Mixed Tocopherols', 'Helianthus Annuus (Sunflower) Seed Oil']",YOUR NATURAL SIDE WITAMINA E – odżywcze serum nawilżające,H
82,"['Water (Aqua/Eau)', 'Sodium Hyaluronate', 'Hyaluronic Acid', 'Dehydroacetic Acid', 'Benzyl Alcohol']",YOUR NATURAL SIDE KWAS HIALURONOWY 3% – odżywcze serum nawilżające,H
83,['Rosa Damascena Petal Flower Water'],MOHANI HYDROLAT RÓŻANY – Nawilżająca mgiełka pod olej dla każdej porowatości,H
84,"['Aqua (Water)', 'Glycerin', 'Aloe Barbadensis (Aloe Vera) Leaf Extract', 'Xanthan Gum', 'Polyglyceryl-3 Caprate', 'Punica Granatum (Pomegranate) Fruit Extract', 'Argania Spinosa (Argan) Kernel Oil', 'Linum Usitatissimum (Linseed) Seed Oil', 'Cocos Nucifera (Coconut) Oil', 'Citrus Aurantium Bergamia (Bergamot) Fruit Oil', 'Citrus Grandis (Grapefruit) Seed Extract', 'Tilia Cordata (Linden) Flower Oil', 'Litsea Cubeba (May Chang) Oil', 'Magnolia Flower Oil', 'Magnolia Leaf Oil', 'Citrus Nobilis (Mandarin Red) Peel Oil', 'Origanum Majorana (Marjoram Sweet) Leaf Oil', 'Citrus Aurentium Dulcis (Orange) Peel Extract', 'Palmarosa Leaf Oil', 'Patchouli Leaf Oil', 'Rosmarinus Officinalis (Rosemary) Leaf Essential Oil', 'Mentha Piperita (Peppermint) Leaf Essential Oil', 'Styrax Tonkinensis (Benzoin) Resin Extract', 'Ricinus Communis (Castor) Seed Oil', 'Benzyl Alcohol', 'Dehydroacetic Acid', 'Limonene', 'Linalool', 'Geraniol', 'Citral', 'Benzyl Benzoate']",BOUCLEME CURL DEFINING GEL – żel do stylizacji definiujący loki,H
85,"['Water', 'Glycerin', 'Propanediol', 'Fragrance (Parfum)', 'Polyquaternium-10', 'Stearalkonium Chloride', 'Stearyl Alcohol', 'Butyrospermum Parkii (Shea) Butter', 'Cocos Nucifera (Coconut) Oil', 'Aloe Barbadensis (Aloe Vera) Leaf Juice', 'Simmondsia Chinensis (Jojoba) Seed Oil', 'Glycine Soja (Soybean) Seed Oil', 'Prunus Amygdalus Dulcis (Sweet Almond) Oil', 'Persea Gratissima (Avocado) Seed Oil', 'Olea Europaea (Olive) Fruit Oil', 'Mangifera Indica (Mango) Seed Butter', 'Argania Spinosa (Argan) Kernel Oil', 'Melia Azadirachta (Neem) Seed Oil', 'Daucus Carota Sativa (Carrot) Seed Oil', 'Lonicera Japonica (Honeysuckle) Flower Extract', 'Laminara Cloustoni (Sea Kelp) Extract', 'Salvia Officinalis (Sage) Leaf Extract', 'Macadamia Ternifolia Seed Oil', 'Vitis Vinifera (Grape) Seed Extract', 'Urtica Dioica (Nettle) Leaf Extract', 'Silk Amino Acids', 'Cetyl Alcohol', 'Cetearyl Alcohol', 'Polysorbate-60', 'Phenoxyethanol', 'Ethylhexylglycerin']",MINI CANTU CURL ACTIVATOR CREAM – Aktywator skrętu,H
86,"['botanical infusion of water', 'Equisetum Arvense (Horsetail) Herbs Extract', 'Chamomilla Recuitita (Matricaria) Flower Extract', 'Urtica Dioica (Nettle) Leaf Extract', 'Aloe Barbadensis (Aloe Vera) Leaf Juice', 'agave nectar extract', 'tocopheryl acetate (vitamin e)', 'pectic', 'Citric Acid', 'Potassium Sorbate', 'Fragrance']",KINKY CURLY CURLING CUSTARD – żel do stylizacji loków i fal,H
87,['Hordeum Powder'],"MyVita – młody jęczmien w proszku, dla zdrowia i witalności włosów",H
88,"['Aqua (Water)', 'Glycerin', 'Lauryl Lactate', 'Behenamidopropyl Dimethylamine', 'Althaea Officinalis (Marshmallow) Root Extract', 'Linum Usitatissimum (Linseed) Seed Oil', 'Medicago Sativa Leaf Extract', 'Hamamelis Virginiana Leaf Extract', 'Panicum Miliaceum Seed Extract', 'Oryza Sativa (Rice) Extract', 'Urea', 'Tetrasodium Glutamate Diacetate', 'Propanediol', 'Phenethyl Alcohol', 'Lactic Acid', 'Undecyl Alcohol', 'Benzyl Alcohol', 'Parfum (Fragrance)']",PHITOFILOS SPRAY ANTICRESPO CON ALTEA – nawilżająco-wygładzająca mgiełka do włosów z olejem lnianym i wyciągiem z prawoślazu,H
89,['Avena Sativa Powder'],"Natura Wita – sproszkowane ziele owsa, do maseczek DIY, źródło protein i wzmacniającej krzemionki",H
90,"['Glycerin', 'Royal Jelly']",Calaya – odżywcze mleczko pszczele do odżywek DIY,H
91,"['Humulus Lupulus Cone Poder', 'Kaolin', 'Matricaria Chamomilla Flower Powder', 'Arctium Lappa Root Powder', 'Calendula Officinalis Flower Powder', 'Hypericum Perforatum Powder', 'Betula Alba Leaf Powder', 'Equisetum Arvense Leaf Powder', 'Acorus Calamus Root Powder', 'Lactic Acid']","DNC – chmielowa maska na porost DIY, 100% ziołowa",H
92,['Linum Usitatissimum Seed'],"Dary Natury – nasiona lnu (siemię lniane), na nawilżąjcy żel",H
93,['Viola Tricolor Herbs'],"NaturaVita – ziele fiołka trójbarwnego, na płukanki łagodząco – wzmacniające DIY",H
94,['Althaeae Officinalis Root'],"Herbapol – korzeń prawoślazu, na nawilżający żel DIY",H
95,"['Aqua', 'Sodium Hyaluronate', 'Phenoxyethanol', 'Ethylhexylglycerin']","MyVita – nawilżający kwas hialuronowy 3%, potrójny, 30 ml",H
96,"['Modificated aqua from Rabka Zdrój', 'Aloe Barbadensis (Aloe Vera) Leaf Extract', 'Propylene Glycol', 'Glycerin', 'Panthenol', 'Triethanolamine', 'Allantoin', 'Polysorbate-20', 'DMDM Hydantoin']","GorVita – nawilżający żel aloesowy, na bazie wody z Uzdrowiska Rabka",H
97,['Rosa Flower Buds'],"Dary Natury – suszone, EKO pączki kwiatów róży, ukojenie i nawilżenie dla podrażnionej skóry",H
98,['Trigonella Foenum-Graecum (Fenugreek) Seed Extract'],"Dary Natury – kozieradka na porost i wzmocnienie włosów, nasiona mielone",H
99,['Trigonella Foenum-Graecum (Fenugreek) Seed Extract'],"Dary Natury – kozieradka na porost i wzmocnienie włosów, nasiona mielone, EKO",H
100,"['Aqua', 'Cetearyl Alcohol', 'Glycerin', 'Isopropyl Myristate', 'Stearamidopropyl Dimethylamine', 'Glycine Soja (Soybean) Seed Oil', 'Prunus Amygdalus Dulcis Seed Extract / Sweet Almond Seed Extract', 'Agave Tequilana Leaf Extract', 'Aloe Barbadensis (Aloe Vera) Leaf Juice', 'Sodium Hydroxide', 'Helianthus Annuus (Sunflower) Seed Oil', 'Coco-Caprylate', 'Hydroxypropyl Guar Hydroxypropyltrimonium Chloride', 'Caprylyl Glycol', 'Citric Acid', 'Xanthan Gum', 'Tartaric Acid', 'Cetyl Esters', 'Potassium Sorbate', 'Sodium Benzoate', 'Salicylic Acid', 'Dehydroacetic Acid', 'Linalool', 'Parfum']",GARNIER Ultimate Blends Almond Milk Normal Hair Conditioner – odżywka do mycia i emulgowania,H
101,['Eucalyptus Globulus Leaf Water'],"YOUR NATURAL SIDE HYDROLAT EUKALIPTUSOWY – do problematycznej skóry głowy, skłonnej do łupieżu, przetłuszczającej się",H
102,"['Aqua', 'Cetearyl Alcohol', 'Glycerin', 'Behenamidopropyl Dimethylamine', 'Trigonella Foenum-Graecum (Fenugreek) Seed Extract', 'Raphanus Sativus Root Extract', 'Equisetum Arvense (Horsetail) Herbs Extract', 'Cetrimonium Chloride', 'Niacinamide', 'Butyrospermum Parkii (Shea) Butter', 'Undecane', 'Tridecane', 'Tocopherol', 'Lactic Acid', 'Parfum', 'Sodium Benzoate', 'Potassium Sorbate', 'Hexyl Cinnamal', 'Linalool', 'Limonene']","ELFA PHARM VIS PLANTIS KOZIERADKA MASKA DO WŁOSÓW OSŁABIONYCH Z TENDENCJĄ DO WYPADANIA – z kozieradką, czarną rzepą i skrzypem polnym",H
103,"['Aqua', 'Propylene Glycol', 'Potassium Sorbate', 'Rose Extract', 'Citric Acid', 'Citronellol', 'Geraniol']",DABUR WODA RÓŻANA – nawilżający podkład pod olej,H
104,"['Aqua', 'Cetearyl Alcohol', 'Glycerin', 'Ceteareth-3', 'Behentrimonium Chloride', 'Crambe Abyssinica Seed Oil', 'Crocus Sativus Oil', 'Zingiber Officinale Essential Oil', 'Borago Officinalis Seed Oil', 'Santalum Album Еssential Оil', 'Glycine Soja (Soybean) Glycerides', 'Butyrospermum Parkii (Shea) Butter', 'Laurus Nobilis Fruit Oil', 'Myrtus Communis Oil', 'Hydroxyethylcellulose', 'Silicone Quaternium-17', 'Trideceth-7', 'Trideceth-5', 'Capsicum Annuum (Chili Pepper) Fruit Extract', 'Phenoxyethanol', 'Ethylhexylglycerin', 'Tetrasodium EDTA', 'Citric Acid', 'Parfum', 'CI 15985', 'CI 19140']",LUXURY OILS – NAWILŻAJĄCA MASKA DO WŁOSÓW WZMOCNIENIE I WZROST,H
105,"['Aqua', 'Sapindus Mukurossi Peel Floral Water', 'Brassica Alba Seed Extract', 'Honey Extract', 'Malva Sylvestris (Mallow) Flower Extract', 'Glycerine', 'Behenamidopropyl Dimethylamine', 'Glyceryl Monostearate', 'Glyceryl Stearate SE', 'Triticum Vulgare (Wheat) Germ Oil', 'Hibiscus Flower Extract', 'Parfum', 'Lactic Acid', 'Benzoic Acid', 'Sorbic Acid', 'Dehydroacetic Acid', 'Benzyl Alcohol']","Fitokosmetik, gorczycowy balsam na porost, z miodem i malwą",H
106,"['Water (Aqua/Eau)', 'Pvp', 'Glycerin', 'PEG-4', 'Xanthan Gum', 'Carbomer', 'Argania Spinosa Kernel Oil', 'Hydroxyethylcellulose', 'Caprylyl Glycol', 'Aminomethyl Propanol (Water Soluble)', 'Parfum', 'Citronellol', 'Geraniol', 'Limonene', 'Linalool', 'Phenoxyethanol', 'Yellow 5 (CI 19140)', 'Red 4 (CI 14700)']",CREME OF NATURE MAXIMUM-HOLD STYLING SNOT – mocno utrwalający żel wzbogacony olejem arganowym,H
107,"['Aqua', 'Cetearyl Alcohol', 'Glycerin', 'Behenamidopropyl Dimethylamine', 'Isopropyl Palmitate', 'Trigonella Foenum-Graecum (Fenugreek) Seed Extract', 'Equisetum Arvense (Horsetail) Herbs Extract', 'Raphanus Sativus Root Extract', 'Butyrospermum Parkii (Shea) Butter', 'Cetrimonium Chloride', 'Niacinamide', 'Lactic Acid', 'Parfum', 'Sodium Benzoate', 'Potassium Sorbate', 'Hexyl Cinnamal', 'Limonene', 'Linalool']","ELFA PHARM VIS PLANTIS KOZIERADKA ODŻYWKA DO WŁOSÓW OSŁABIONYCH Z TENDENCJĄ DO WYPADANIA – humektantowa, nawilżająca z kozieradką, czarną rzepą i skrzypem polnym",H
108,"['Aqua', 'Cetearyl Alcohol', 'Glycerin', 'Cetyl Alcohol', 'Isopropyl Palmitate', 'Nigella Sativa (Black Cumin) Seed Extract', 'Gossypium Herbaceum Extract', 'Linum Usitatissimum (Linseed) Seed Extract', 'behentrimonium methosulfate', 'Quaternium-80', 'C10-40 Isoalkylamidopropylethyldimonium Ethosulfate', 'Cetrimonium Chloride', 'Gossypium Herbaceum Seed Oil', 'Propylene Glycol', 'Lactic Acid', 'Parfum', 'Sodium Benzoate', 'Potassium Sorbate']","ELFA PHARM VIS PLANTIS CZARNUSZKA ODŻYWKA DO WŁOSÓW CIENKICH I POZBAWIONYCH OBJĘTOŚCI – humektantowa, nawilżająca",H
109,"['Aqua', 'Glycerin', 'Sclerocarya Birrea (Marula) Seed Oil', 'PHOSPHOLIPIDS', 'Polyquaternium-37', 'Parfum', 'Propylene Glycol Dicaprylate/Dicaprate', 'Phenoxyethanol', 'Glycine Soja (Soybean) Seed Oil', 'Ceteareth-20', 'Cetrimonium Chloride', 'Ethylhexylglycerin', 'Ppg1', 'Shea Butter Ethyl Esters', 'GLYCOLIPIDS', 'Limonene', 'Aloe Barbadensis (Aloe Vera) Leaf Juice', 'Panthenol', 'Glycine Soja (Soybean) Sterols', 'Coumarin', 'Butylphenyl\xa0Methylpropional', 'Linalool', 'Potassium Sorbate', 'Sodium Benzoate']",ONLY CURLS Hydrating Curl Creme – nawadniający krem do stylizacji loków i fal,H
110,"['Aqua', 'Glycerin', 'Magnolia Acuminata Bark Extract', 'Citrus Limon (Lemon) Peel Extract', 'Butyrospermum Parkii (Shea) Butter', 'Simmondsia Chinensis (Jojoba) Seed Oil', 'Cetearyl Alcohol', 'Saccharum Officinarum (Sugar Cane) Extract', 'Behentrimonium Chloride', 'Caprylic/Capric Triglyceride', 'Lactic Acid', 'Silk Amino Acids', 'Malic Acid', 'Citric Acid', 'Perfume', 'Benzyl Alcohol', 'Caprylyl Glycol', 'Cellulose', 'Sodium Benzoate', 'Potassium Sorbate']",ECO LABORATORIE JAPOŃSKA MAGNOLIA – nawilżający balsam laminujący do włosów,H
111,"['Hippophae Rhamnoides Water', 'Prunus Amygdalus Dulcis (Sweet Almond) Oil', 'Crambe Abyssinica Seed Oil', 'Carthamus Tinctorius Seed Oil', 'Simmondsia Chinensis (Jojoba) Seed Oil', 'Pinus Siberica Cone Essential Oil', 'Aqua (Water)', 'Tilia Cordata Flower Extract', 'Citric Acid', 'Glycerin', 'Behenamidopropyl Dimethylamine', 'Glyceryl Monostearate', 'Parfum', 'Lactic Acid', 'Benzoic Acid', 'Sorbic Acid', 'Dehydroacetic Acid', 'Benzyl Alcohol']",Fitokosmetik – odżywczy olejek do włosów z dodatkiem nawilżającego kwiatu lipy,H
112,"['Aqua', 'Cetearyl Alcohol', 'Glycerin', 'Behenamidopropyl Dimethylamine', 'Isopropyl Palmitate', 'Glycyrrhiza Glabra (Licorice) Root Extract', 'Tilia Cordata Leaf Extract', 'Butyrospermum Parkii (Shea) Butter', 'Althaea Officinalis (Marshmallow) Root Extract', 'Cetrimonium Chloride', 'Helianthus Annuus (Sunflower) Seed Oil', 'Panthenol', 'Lactic Acid', 'Parfum', 'Sodium Benzoate', 'Potassium Sorbate', 'Benzyl salicylate', 'Hexyl Cinnamal', 'Linalool']","ELFA PHARM VIS PLANTIS LUKRECJA ODŻYWKA DO WŁOSÓW SUCHYCH I MATOWYCH – Humektantowa, nawilżająca",H
113,"['Water (Aqua/Eau)', 'Glycerin', 'Carbomer', 'Aminomethyl Propanol (Water Soluble)', 'Vitis Vinifera (Grape) Seed Oil', 'Phenoxyethanol', 'Pvp', 'Parfum', 'Hydrolyzed Wheat Protein', 'Ethylhexylglycerin', 'Tetrasodium EDTA', 'Potassium Sorbate', 'Tocopherol', 'Rice Amino Acids', 'Althaea Officinalis (Marshmallow) Root Extract', 'Prunus Amygdalus Dulcis (Sweet Almond) Oil', 'Sodium Benzoate', 'Dehydroacetic Acid', 'Benzyl salicylate', 'Linalool', 'Geraniol']",AUNT JACKIE’S ICE CURLS GLOSSY CURLING JELLY – nabłyszczający żel stylizujący do włosów wysokoporowatych,H
114,"['Aqua', 'Cetearyl Alcohol', 'Behentrimonium Chloride', 'Starch Hydroxypropyltrimonium Chloride', 'Solanum Tuberosum (Potato) Starch', 'Allium Cepa Extract', 'Saccharide Isomerate', 'Hydroxypropyltrimonium Hyaluronate', 'Aloe Barbadensis (Aloe Vera) Leaf Juice Powder', 'Cetrimonium Chloride', 'Glycerin', 'Urea', 'Polysorbate 80', 'Hydroxypropyl Guar', 'Citric Acid', 'Sodium Citrate', 'Phenoxyethanol', 'Benzoic Acid', 'Dehydroacetic Acid', 'Caprylyl Glycol', 'Parfum', 'Amyl Cinnamal', 'Cinnamyl Alcohol', 'Hydroxycitronellal']",ANWEN Nawilżający Bez – odżywka do włosów o różnej porowatości,H
115,"['Aqua', 'Equisetum Arvense (Horsetail) Herbs Extract', 'Chamomilla Recuitita (Matricaria) Flower Extract', 'Urtica Dioica (Nettle) Leaf Extract', 'Althaea Officinalis (Marshmallow) Root Extract', 'Aloe Barbadensis (Aloe Vera) Leaf Juice', 'agave nectar extract', 'tocopheryl acetate (vitamin e)', 'Pectin', 'Citric Acid', 'Potassium Sorbate', 'natural fragrance']",KINKY CURLY CURLING CUSTARD WERSJA DUŻA – żel do stylizacji loków i fal,H
116,"['Water', 'VP/VA copolymer', 'Glycerin', 'PEG-7 Glyceryl Cocoate', 'Citrus Aurentium Dulcis (Orange) Peel Extract', 'Melissa Officinalis Leaf Extract', 'Humulus Lupulus (Hops) Extract', 'Cymbopogon Schoenanthus Leaf (Extract', 'Chamomilla Recuitita (Matricaria) Flower Extract', 'Achillea Millefolium Extract', 'PEG-40 Hydrogenated Castor Oil', 'DMDM Hydantoin', 'Aminomethyl Propanol', 'Acrylates/C10-30 Alykl Acrylate Crosspolymer', 'Fragrance (Parfum)', 'Red 33 (CI 17200)', 'Yellow 5 (CI 19140)']",DEVACURL ARC ANGEL GEL – żel do stylizacji loków i fal,H
117,"['Water (Aqua)', 'Eau)', 'Glycerin', 'Propylene Glycol', 'Carbomer', 'Phenoxyethanol', 'Polysorbate-20', 'Aminomethyl Propanol', 'PEG-75 Lanolin', 'Ethylhexylglycerin', 'Fragrance (Parfum)', 'Tetrasodium EDTA', 'Aloe Barbadensis (Aloe Vera) Leaf Extract', 'Polyquaternium-11', 'Benzyl Benzoate']",CURLY KIDS CURLY GEL CURL MOISTURIZER – żel nawilżający do stylizacji dla dzieci,H
118,"['Glycerin', 'Water', 'Triethanolamine', 'Fragrance/Parfum Anise Alcohol', 'Betaine', 'Acetamide MEA', 'Citrus Reticulata (Tangerine) Fruit Extract', 'Coumarin', 'Ceteareth-25', 'Cocos Nucifera (Coconut) Fruit Powder', 'Butyrospermum Parkii (Shea) Butter', 'Ricinus Communis (Castor) Seed Oil', 'TBHQ', 'Linalool', 'Caprylyl Glycol', 'Beta Vulgaris (Beet) Root Extract', 'Phenoxyethanol', 'Cocos Nucifera (Coconut) Oil', 'Phytosterols', 'Potassium Sorbate', 'Helianthus Annuus (Sunflower) Seed Oil', 'Laureth-23', 'Limonene', 'Carbomer', 'Emblica Officinalis Fruit Powder']",AS I AM TWIST DEFINING CREAM – krem do stylizacji,H
119,"['Mangifera Indica (Mango) Seed Extract', 'organic slippery elm', 'organic lemongrass', 'Althaea Officinalis (Marshmallow) Root Extract', 'Cetyl Alcohol', 'behentrimonium methosulfate', 'Citric Acid', 'Phenoxyethanol', 'natural fragrance']",KINKY CURLY KNOT TODAY – odżywka bez spłukiwania,H
120,"['Water', 'Glycerin', 'Xanthan Gum', 'Hydrogenated Coconut Oil', 'Hydroxyethylcellulose', 'chondrus crispus', 'VP/VA copolymer', 'Potassium Sorbate', 'Fragrance', 'Citric Acid', 'Panthenol', 'Aloe Barbadensis (Aloe Vera) Leaf Juice']",CURLY KIDS MIXED HAIR CUSTARD FOR KIDS – nawilżający krem stylizujący włosy,H
121,"['Aqua', 'Glycerin', 'Panthenol', 'Glycine', 'Arctium Lappa (Burdock) Root Extract', 'Urtica Dioica (Nettle) Leaf Extract', 'Humulus Lupulus Extract', 'Capsicum Annuum (Chili Pepper) Fruit Extract', 'Tocopheryl Acetate', 'Betaine', 'PEG-40 Hydrogenated Castor Oil', 'Trideceth-9', 'Carbomer', 'Potassium Hydroxide', 'Benzoic Acid', 'Sorbic Acid', 'Dehydroacetic Acid', 'Benzyl Alcohol', 'Parfum', 'CI 15980', 'CI 42090', 'CI 19140']","FLORESAN AKTYWNE SERUM WCIERKA PRZECIW ŁYSIENIU – ŁOPIAN, PAPRYCZKA CHILI, POKRZYWA",H
122,"['Aloe Barbadensis (Aloe Vera) Leaf Juice', 'Nelumbium Speciosum Flower Extract', 'Centella Asiatica Leaf Extract', 'Bambusa Vulgaris Leaf/Stem Extract', 'Cucumis Sativus (Cucumber) Fruit Extract', 'Zea Mays (Corn) Leaf Extract', 'Brassica Oleracea Capitata (Cabbage) Leaf Extract', 'Citrullus Lanatus (Watermelon) Fruit Extract', 'PEG - 60 Hydrogenated Castor Oil', 'Sodium Polyacrylate', 'Carbomer', 'Triethanolamine', 'Fragrance', 'Phenoxyethanol']","Holika Holika – wielofunkcyjny, nawilżający żel aloesowy do włosów i skóry głowy",H
123,"['Aqua', 'Sodium Hyaluronate', 'Benzyl Alcohol', 'Dehydroacetic Acid']","Calaya – nawilżający żel hialuronowy, 2% (50 ml)",H
124,"['Aqua', 'Sapindus Mukurossi Peel Floral Water', 'Humulus Lupulus Extract', 'Malt Extract', 'Chamomilla Recuitita (Matricaria) Flower Extract', 'Glycerin', 'Behenamidopropyl Dimethylamine', 'Glyceryl Monostearate', 'Glyceryl Stearate SE', 'Triticum Vulgare (Wheat) Germ Oil', 'Hibiscus Flower Extract', 'Parfum', 'Lactic Acid', 'Benzoic Acid', 'Sorbic Acid', 'Dehydroacetic Acid', 'Benzyl Alcohol']",FITOKOSMETIK DROŻDŻE PIWNE AKTYWATOR WZROSTU – nawilżający balsam do włosów,H
125,"['Linum Usitatissimum (Linseed) Seed Extract', 'Glycerin', 'Simmondsia Chinensis (Jojoba) Seed Oil', 'Aloe Barbadensis (Aloe Vera) Leaf Juice Powder', 'Magnesium Sulfate', 'Benzoic Acid', 'Dehydroacetic Acid', 'Phenoxyethanol']",JESSICURL Rockin’ Ringlets Styling Potion No Fragrance – żel do podkreślenia skrętu,H
126,"['Aqua (Water)', 'Linum Usitatissimum (Linseed) Seed Extract', 'Glycerin', 'Simmondsia Chinensis (Jojoba) Seed Oil', 'Aloe Barbadensis (Aloe Vera) Leaf Juice Powder', 'Magnesium Sulfate', 'Benzoic Acid', 'Dehydroacetic Acid', 'Phenoxyethanol']",JESSICURL Gelebration Spray – krem do stylizacji fal i loków,H
